#
# There is insufficient memory for the Java Runtime Environment to continue.
# Native memory allocation (mmap) failed to map 2650800128 bytes. Error detail: G1 virtual space
# Possible reasons:
#   The system is out of physical RAM or swap space
#   This process is running with CompressedOops enabled, and the Java Heap may be blocking the growth of the native heap
# Possible solutions:
#   Reduce memory load on the system
#   Increase physical memory or swap space
#   Check if swap backing store is full
#   Decrease Java heap size (-Xmx/-Xms)
#   Decrease number of Java threads
#   Decrease Java thread stack sizes (-Xss)
#   Set larger code cache with -XX:ReservedCodeCacheSize=
#   JVM is running with Zero Based Compressed Oops mode in which the Java heap is
#     placed in the first 32GB address space. The Java Heap base address is the
#     maximum limit for the native heap growth. Please use -XX:HeapBaseMinAddress
#     to set the Java Heap base and to place the Java Heap above 32GB virtual address.
# This output file may be truncated or incomplete.
#
#  Out of Memory Error (os_windows.cpp:3703), pid=34420, tid=30120
#
# JRE version: Java(TM) SE Runtime Environment (23.0+37) (build 23+37-2369)
# Java VM: Java HotSpot(TM) 64-Bit Server VM (23+37-2369, mixed mode, sharing, tiered, compressed oops, compressed class ptrs, g1 gc, windows-amd64)
# No core dump will be written. Minidumps are not enabled by default on client versions of Windows
#

---------------  S U M M A R Y ------------

Command Line: -XX:MaxMetaspaceSize=4G -XX:ReservedCodeCacheSize=512m -XX:+HeapDumpOnOutOfMemoryError --add-opens=java.base/java.util=ALL-UNNAMED --add-opens=java.base/java.lang=ALL-UNNAMED --add-opens=java.base/java.lang.invoke=ALL-UNNAMED --add-opens=java.prefs/java.util.prefs=ALL-UNNAMED --add-exports=jdk.compiler/com.sun.tools.javac.api=ALL-UNNAMED --add-exports=jdk.compiler/com.sun.tools.javac.util=ALL-UNNAMED --add-opens=java.base/java.nio.charset=ALL-UNNAMED --add-opens=java.base/java.net=ALL-UNNAMED --add-opens=java.base/java.util.concurrent.atomic=ALL-UNNAMED -Xmx8G -Dfile.encoding=UTF-8 -Duser.country=MY -Duser.language=en -Duser.variant -javaagent:C:\Users\User\.gradle\wrapper\dists\gradle-8.10.2-all\7iv73wktx1xtkvlq19urqw1wm\gradle-8.10.2\lib\agents\gradle-instrumentation-agent-8.10.2.jar org.gradle.launcher.daemon.bootstrap.GradleDaemon 8.10.2

Host: 11th Gen Intel(R) Core(TM) i5-1135G7 @ 2.40GHz, 8 cores, 7G,  Windows 11 , 64 bit Build 22621 (10.0.22621.5415)
Time: Wed Jun 18 21:23:02 2025 Malay Peninsula Standard Time elapsed time: 215.265980 seconds (0d 0h 3m 35s)

---------------  T H R E A D  ---------------

Current thread (0x000001d5e73f53b0):  VMThread "VM Thread"          [id=30120, stack(0x0000001626000000,0x0000001626100000) (1024K)]

Stack: [0x0000001626000000,0x0000001626100000]
Native frames: (J=compiled Java code, j=interpreted, Vv=VM code, C=native code)
V  [jvm.dll+0x6e08a9]  (no source info available)
V  [jvm.dll+0x87da63]  (no source info available)
V  [jvm.dll+0x87feee]  (no source info available)
V  [jvm.dll+0x8805c3]  (no source info available)
V  [jvm.dll+0x27aee6]  (no source info available)
V  [jvm.dll+0x6dd1b5]  (no source info available)
V  [jvm.dll+0x6d103a]  (no source info available)
V  [jvm.dll+0x35b3ea]  (no source info available)
V  [jvm.dll+0x3637f6]  (no source info available)
V  [jvm.dll+0x34fd5e]  (no source info available)
V  [jvm.dll+0x34fff8]  (no source info available)
V  [jvm.dll+0x3289cc]  (no source info available)
V  [jvm.dll+0x328a5a]  (no source info available)
V  [jvm.dll+0x374c92]  (no source info available)
V  [jvm.dll+0x373392]  (no source info available)
V  [jvm.dll+0x3281a7]  (no source info available)
V  [jvm.dll+0x372b44]  (no source info available)
V  [jvm.dll+0x886500]  (no source info available)
V  [jvm.dll+0x887827]  (no source info available)
V  [jvm.dll+0x887d58]  (no source info available)
V  [jvm.dll+0x887ff3]  (no source info available)
V  [jvm.dll+0x824f1b]  (no source info available)
V  [jvm.dll+0x6df055]  (no source info available)
C  [ucrtbase.dll+0x29333]  (no source info available)
C  [KERNEL32.DLL+0x1259d]  (no source info available)
C  [ntdll.dll+0x5af78]  (no source info available)

VM_Operation (0x000000162cafaba0): G1CollectForAllocation, mode: safepoint, requested by thread 0x000001d6311f8cf0


---------------  P R O C E S S  ---------------

Threads class SMR info:
_java_thread_list=0x000001d63c1f7ca0, length=141, elements={
0x000001d5b44c47a0, 0x000001d5e740c2a0, 0x000001d5e740d270, 0x000001d5e74138b0,
0x000001d5e7415bf0, 0x000001d5e7418920, 0x000001d5e741b900, 0x000001d5e741d440,
0x000001d5e742d800, 0x000001d62f07f7a0, 0x000001d62f295650, 0x000001d62f557220,
0x000001d62fe8eb60, 0x000001d630e28760, 0x000001d630d481e0, 0x000001d630d48850,
0x000001d630bf04d0, 0x000001d630a86300, 0x000001d630a83ba0, 0x000001d630a84f50,
0x000001d630a86990, 0x000001d630a83510, 0x000001d630a855e0, 0x000001d630a84230,
0x000001d630a85c70, 0x000001d6330d48a0, 0x000001d6330d4210, 0x000001d6330d3b80,
0x000001d6330d1ab0, 0x000001d6330d62e0, 0x000001d6330d5c50, 0x000001d6330d7000,
0x000001d6330d2140, 0x000001d6330d2e60, 0x000001d63299bd80, 0x000001d6329a2d10,
0x000001d63299f200, 0x000001d6329a1960, 0x000001d63299f890, 0x000001d63299d7c0,
0x000001d6329a12d0, 0x000001d6329a0c40, 0x000001d63299d130, 0x000001d6329a1ff0,
0x000001d6329a2680, 0x000001d63299caa0, 0x000001d6329a33a0, 0x000001d63299c410,
0x000001d63299e4e0, 0x000001d6329a05b0, 0x000001d63299de50, 0x000001d63299eb70,
0x000001d63299ff20, 0x000001d633ef9df0, 0x000001d633ef4210, 0x000001d633ef4f30,
0x000001d633ef83b0, 0x000001d633efb830, 0x000001d633ef48a0, 0x000001d633ef6970,
0x000001d633ef7000, 0x000001d633ef7690, 0x000001d633ef7d20, 0x000001d630c3f470,
0x000001d630c42f80, 0x000001d630c40190, 0x000001d630c3fb00, 0x000001d630c40820,
0x000001d630c41540, 0x000001d630c43610, 0x000001d630c40eb0, 0x000001d630c3da30,
0x000001d630c3c680, 0x000001d630c3cd10, 0x000001d630c3d3a0, 0x000001d630c41bd0,
0x000001d630c42260, 0x000001d630c428f0, 0x000001d630c43ca0, 0x000001d630c3ede0,
0x000001d6311fe8d0, 0x000001d6311fa0a0, 0x000001d6311fc170, 0x000001d6311f9a10,
0x000001d6311fc800, 0x000001d6311fadc0, 0x000001d6311fbae0, 0x000001d6311f9380,
0x000001d6311fa730, 0x000001d6311fb450, 0x000001d6311fce90, 0x000001d6311fef60,
0x000001d6311fd520, 0x000001d6311fdbb0, 0x000001d6311fe240, 0x000001d6311ff5f0,
0x000001d6311f8660, 0x000001d6311ffc80, 0x000001d6311f8cf0, 0x000001d633cee680,
0x000001d633ceed10, 0x000001d633ced960, 0x000001d633cf1470, 0x000001d633cefa30,
0x000001d633cf1b00, 0x000001d633cedff0, 0x000001d633cf0750, 0x000001d633ced2d0,
0x000001d633cf3540, 0x000001d633cf0de0, 0x000001d633cf2190, 0x000001d633cf2820,
0x000001d633cf3bd0, 0x000001d6360d6200, 0x000001d6360d82d0, 0x000001d6360d9d10,
0x000001d6360dbde0, 0x000001d6360daa30, 0x000001d6360dc470, 0x000001d6360dcb00,
0x000001d6360dd820, 0x000001d6360d6890, 0x000001d633cf00c0, 0x000001d630c3e750,
0x000001d63525c2f0, 0x000001d63525d010, 0x000001d63525b5d0, 0x000001d63525e3c0,
0x000001d634eb56f0, 0x000001d634eb8b70, 0x000001d634eb1be0, 0x000001d634eb9200,
0x000001d634ebb960, 0x000001d63cabd700, 0x000001d63cabfe60, 0x000001d63cac18a0,
0x000001d63cac4690, 0x000001d63cac6760, 0x000001d63cac9550, 0x000001d63caca270,
0x000001d63edad4a0
}

Java Threads: ( => current thread )
  0x000001d5b44c47a0 JavaThread "main"                              [_thread_blocked, id=32280, stack(0x0000001625900000,0x0000001625a00000) (1024K)]
  0x000001d5e740c2a0 JavaThread "Reference Handler"          daemon [_thread_blocked, id=14836, stack(0x0000001626100000,0x0000001626200000) (1024K)]
  0x000001d5e740d270 JavaThread "Finalizer"                  daemon [_thread_blocked, id=5164, stack(0x0000001626200000,0x0000001626300000) (1024K)]
  0x000001d5e74138b0 JavaThread "Signal Dispatcher"          daemon [_thread_blocked, id=31804, stack(0x0000001626300000,0x0000001626400000) (1024K)]
  0x000001d5e7415bf0 JavaThread "Attach Listener"            daemon [_thread_blocked, id=13960, stack(0x0000001626400000,0x0000001626500000) (1024K)]
  0x000001d5e7418920 JavaThread "Service Thread"             daemon [_thread_blocked, id=24968, stack(0x0000001626500000,0x0000001626600000) (1024K)]
  0x000001d5e741b900 JavaThread "Monitor Deflation Thread"   daemon [_thread_blocked, id=35664, stack(0x0000001626600000,0x0000001626700000) (1024K)]
  0x000001d5e741d440 JavaThread "C2 CompilerThread0"         daemon [_thread_blocked, id=28324, stack(0x0000001626700000,0x0000001626800000) (1024K)]
  0x000001d5e742d800 JavaThread "C1 CompilerThread0"         daemon [_thread_blocked, id=30512, stack(0x0000001626800000,0x0000001626900000) (1024K)]
  0x000001d62f07f7a0 JavaThread "Common-Cleaner"             daemon [_thread_blocked, id=29676, stack(0x0000001626900000,0x0000001626a00000) (1024K)]
  0x000001d62f295650 JavaThread "Notification Thread"        daemon [_thread_blocked, id=29156, stack(0x0000001626a00000,0x0000001626b00000) (1024K)]
  0x000001d62f557220 JavaThread "Daemon health stats"               [_thread_blocked, id=35588, stack(0x0000001627100000,0x0000001627200000) (1024K)]
  0x000001d62fe8eb60 JavaThread "Incoming local TCP Connector on port 61331"        [_thread_in_native, id=36312, stack(0x0000001627200000,0x0000001627300000) (1024K)]
  0x000001d630e28760 JavaThread "Daemon periodic checks"            [_thread_blocked, id=10864, stack(0x0000001627300000,0x0000001627400000) (1024K)]
  0x000001d630d481e0 JavaThread "Daemon"                            [_thread_blocked, id=16136, stack(0x0000001627400000,0x0000001627500000) (1024K)]
  0x000001d630d48850 JavaThread "Handler for socket connection from /127.0.0.1:61331 to /127.0.0.1:61332"        [_thread_in_native, id=35800, stack(0x0000001627500000,0x0000001627600000) (1024K)]
  0x000001d630bf04d0 JavaThread "Cancel handler"                    [_thread_blocked, id=34740, stack(0x0000001627600000,0x0000001627700000) (1024K)]
  0x000001d630a86300 JavaThread "Daemon worker"                     [_thread_blocked, id=19856, stack(0x0000001627700000,0x0000001627800000) (1024K)]
  0x000001d630a83ba0 JavaThread "Asynchronous log dispatcher for DefaultDaemonConnection: socket connection from /127.0.0.1:61331 to /127.0.0.1:61332"        [_thread_blocked, id=33308, stack(0x0000001627800000,0x0000001627900000) (1024K)]
  0x000001d630a84f50 JavaThread "Stdin handler"                     [_thread_blocked, id=31696, stack(0x0000001627900000,0x0000001627a00000) (1024K)]
  0x000001d630a86990 JavaThread "Daemon client event forwarder"        [_thread_blocked, id=36276, stack(0x0000001627a00000,0x0000001627b00000) (1024K)]
  0x000001d630a83510 JavaThread "Cache worker for journal cache (C:\Users\User\.gradle\caches\journal-1)"        [_thread_blocked, id=25700, stack(0x0000001627c00000,0x0000001627d00000) (1024K)]
  0x000001d630a855e0 JavaThread "File lock request listener"        [_thread_in_native, id=35020, stack(0x0000001627d00000,0x0000001627e00000) (1024K)]
  0x000001d630a84230 JavaThread "Cache worker for file hash cache (C:\Users\User\.gradle\caches\8.10.2\fileHashes)"        [_thread_blocked, id=20104, stack(0x0000001627e00000,0x0000001627f00000) (1024K)]
  0x000001d630a85c70 JavaThread "Cache worker for file hash cache (C:\projectpsm\uthmshareride\android\.gradle\8.10.2\fileHashes)"        [_thread_blocked, id=29116, stack(0x0000001628200000,0x0000001628300000) (1024K)]
  0x000001d6330d48a0 JavaThread "Cache worker for Build Output Cleanup Cache (C:\projectpsm\uthmshareride\android\.gradle\buildOutputCleanup)"        [_thread_blocked, id=17732, stack(0x0000001628300000,0x0000001628400000) (1024K)]
  0x000001d6330d4210 JavaThread "File watcher server"        daemon [_thread_blocked, id=27488, stack(0x0000001628000000,0x0000001628100000) (1024K)]
  0x000001d6330d3b80 JavaThread "File watcher consumer"      daemon [_thread_blocked, id=19752, stack(0x0000001628400000,0x0000001628500000) (1024K)]
  0x000001d6330d1ab0 JavaThread "Cache worker for checksums cache (C:\projectpsm\uthmshareride\android\.gradle\8.10.2\checksums)"        [_thread_blocked, id=31416, stack(0x0000001627f00000,0x0000001628000000) (1024K)]
  0x000001d6330d62e0 JavaThread "Cache worker for file content cache (C:\Users\User\.gradle\caches\8.10.2\fileContent)"        [_thread_blocked, id=7632, stack(0x0000001628500000,0x0000001628600000) (1024K)]
  0x000001d6330d5c50 JavaThread "Cache worker for cache directory md-rule (C:\Users\User\.gradle\caches\8.10.2\md-rule)"        [_thread_blocked, id=33632, stack(0x0000001628700000,0x0000001628800000) (1024K)]
  0x000001d6330d7000 JavaThread "Cache worker for cache directory md-supplier (C:\Users\User\.gradle\caches\8.10.2\md-supplier)"        [_thread_blocked, id=15316, stack(0x0000001628800000,0x0000001628900000) (1024K)]
  0x000001d6330d2140 JavaThread "Cache worker for Build Output Cleanup Cache (C:\src\flutter\packages\flutter_tools\gradle\.gradle\buildOutputCleanup)"        [_thread_blocked, id=34852, stack(0x0000001628900000,0x0000001628a00000) (1024K)]
  0x000001d6330d2e60 JavaThread "Unconstrained build operations"        [_thread_blocked, id=36388, stack(0x0000001628b00000,0x0000001628c00000) (1024K)]
  0x000001d63299bd80 JavaThread "Unconstrained build operations Thread 2"        [_thread_blocked, id=35968, stack(0x0000001628c00000,0x0000001628d00000) (1024K)]
  0x000001d6329a2d10 JavaThread "Unconstrained build operations Thread 3"        [_thread_blocked, id=35856, stack(0x0000001628d00000,0x0000001628e00000) (1024K)]
  0x000001d63299f200 JavaThread "Unconstrained build operations Thread 4"        [_thread_blocked, id=15256, stack(0x0000001628e00000,0x0000001628f00000) (1024K)]
  0x000001d6329a1960 JavaThread "Unconstrained build operations Thread 5"        [_thread_blocked, id=24212, stack(0x0000001628f00000,0x0000001629000000) (1024K)]
  0x000001d63299f890 JavaThread "Unconstrained build operations Thread 6"        [_thread_blocked, id=29984, stack(0x0000001629000000,0x0000001629100000) (1024K)]
  0x000001d63299d7c0 JavaThread "Unconstrained build operations Thread 7"        [_thread_blocked, id=19748, stack(0x0000001629100000,0x0000001629200000) (1024K)]
  0x000001d6329a12d0 JavaThread "Unconstrained build operations Thread 8"        [_thread_blocked, id=36380, stack(0x0000001629200000,0x0000001629300000) (1024K)]
  0x000001d6329a0c40 JavaThread "Unconstrained build operations Thread 9"        [_thread_blocked, id=36412, stack(0x0000001629300000,0x0000001629400000) (1024K)]
  0x000001d63299d130 JavaThread "Unconstrained build operations Thread 10"        [_thread_blocked, id=15412, stack(0x0000001629400000,0x0000001629500000) (1024K)]
  0x000001d6329a1ff0 JavaThread "Unconstrained build operations Thread 11"        [_thread_blocked, id=35940, stack(0x0000001629500000,0x0000001629600000) (1024K)]
  0x000001d6329a2680 JavaThread "Unconstrained build operations Thread 12"        [_thread_blocked, id=15792, stack(0x0000001629600000,0x0000001629700000) (1024K)]
  0x000001d63299caa0 JavaThread "Unconstrained build operations Thread 13"        [_thread_blocked, id=36620, stack(0x0000001629700000,0x0000001629800000) (1024K)]
  0x000001d6329a33a0 JavaThread "Unconstrained build operations Thread 14"        [_thread_blocked, id=15224, stack(0x0000001629800000,0x0000001629900000) (1024K)]
  0x000001d63299c410 JavaThread "Unconstrained build operations Thread 15"        [_thread_blocked, id=34304, stack(0x0000001629900000,0x0000001629a00000) (1024K)]
  0x000001d63299e4e0 JavaThread "Unconstrained build operations Thread 16"        [_thread_blocked, id=36716, stack(0x0000001629a00000,0x0000001629b00000) (1024K)]
  0x000001d6329a05b0 JavaThread "Unconstrained build operations Thread 17"        [_thread_blocked, id=36532, stack(0x0000001629b00000,0x0000001629c00000) (1024K)]
  0x000001d63299de50 JavaThread "Unconstrained build operations Thread 18"        [_thread_blocked, id=34632, stack(0x0000001629c00000,0x0000001629d00000) (1024K)]
  0x000001d63299eb70 JavaThread "Unconstrained build operations Thread 19"        [_thread_blocked, id=26328, stack(0x0000001629d00000,0x0000001629e00000) (1024K)]
  0x000001d63299ff20 JavaThread "Unconstrained build operations Thread 20"        [_thread_blocked, id=36384, stack(0x0000001629e00000,0x0000001629f00000) (1024K)]
  0x000001d633ef9df0 JavaThread "Unconstrained build operations Thread 21"        [_thread_blocked, id=36112, stack(0x0000001629f00000,0x000000162a000000) (1024K)]
  0x000001d633ef4210 JavaThread "Memory manager"                    [_thread_blocked, id=17808, stack(0x0000001628a00000,0x0000001628b00000) (1024K)]
  0x000001d633ef4f30 JavaThread "build event listener"              [_thread_blocked, id=31952, stack(0x000000162a000000,0x000000162a100000) (1024K)]
  0x000001d633ef83b0 JavaThread "included builds"                   [_thread_blocked, id=36444, stack(0x000000162a100000,0x000000162a200000) (1024K)]
  0x000001d633efb830 JavaThread "Execution worker"                  [_thread_blocked, id=27868, stack(0x000000162a200000,0x000000162a300000) (1024K)]
  0x000001d633ef48a0 JavaThread "Execution worker Thread 2"         [_thread_blocked, id=24148, stack(0x000000162a300000,0x000000162a400000) (1024K)]
  0x000001d633ef6970 JavaThread "Execution worker Thread 3"         [_thread_blocked, id=34248, stack(0x000000162a400000,0x000000162a500000) (1024K)]
  0x000001d633ef7000 JavaThread "Execution worker Thread 4"         [_thread_blocked, id=8404, stack(0x000000162a500000,0x000000162a600000) (1024K)]
  0x000001d633ef7690 JavaThread "Execution worker Thread 5"         [_thread_blocked, id=35488, stack(0x000000162a600000,0x000000162a700000) (1024K)]
  0x000001d633ef7d20 JavaThread "Execution worker Thread 6"         [_thread_blocked, id=15368, stack(0x000000162a700000,0x000000162a800000) (1024K)]
  0x000001d630c3f470 JavaThread "Execution worker Thread 7"         [_thread_blocked, id=28312, stack(0x000000162a800000,0x000000162a900000) (1024K)]
  0x000001d630c42f80 JavaThread "Cache worker for execution history cache (C:\src\flutter\packages\flutter_tools\gradle\.gradle\8.10.2\executionHistory)"        [_thread_blocked, id=35788, stack(0x000000162a900000,0x000000162aa00000) (1024K)]
  0x000001d630c40190 JavaThread "Unconstrained build operations Thread 22"        [_thread_blocked, id=32648, stack(0x000000162aa00000,0x000000162ab00000) (1024K)]
  0x000001d630c3fb00 JavaThread "Unconstrained build operations Thread 23"        [_thread_blocked, id=35556, stack(0x000000162ab00000,0x000000162ac00000) (1024K)]
  0x000001d630c40820 JavaThread "Unconstrained build operations Thread 24"        [_thread_blocked, id=30132, stack(0x000000162ac00000,0x000000162ad00000) (1024K)]
  0x000001d630c41540 JavaThread "Unconstrained build operations Thread 25"        [_thread_blocked, id=30992, stack(0x000000162ad00000,0x000000162ae00000) (1024K)]
  0x000001d630c43610 JavaThread "Unconstrained build operations Thread 26"        [_thread_blocked, id=31024, stack(0x000000162ae00000,0x000000162af00000) (1024K)]
  0x000001d630c40eb0 JavaThread "Unconstrained build operations Thread 27"        [_thread_blocked, id=27336, stack(0x000000162af00000,0x000000162b000000) (1024K)]
  0x000001d630c3da30 JavaThread "Unconstrained build operations Thread 28"        [_thread_blocked, id=36100, stack(0x000000162b000000,0x000000162b100000) (1024K)]
  0x000001d630c3c680 JavaThread "Unconstrained build operations Thread 29"        [_thread_blocked, id=36212, stack(0x000000162b100000,0x000000162b200000) (1024K)]
  0x000001d630c3cd10 JavaThread "Unconstrained build operations Thread 30"        [_thread_blocked, id=14988, stack(0x000000162b200000,0x000000162b300000) (1024K)]
  0x000001d630c3d3a0 JavaThread "Unconstrained build operations Thread 31"        [_thread_blocked, id=19840, stack(0x000000162b300000,0x000000162b400000) (1024K)]
  0x000001d630c41bd0 JavaThread "Unconstrained build operations Thread 32"        [_thread_blocked, id=31148, stack(0x000000162b400000,0x000000162b500000) (1024K)]
  0x000001d630c42260 JavaThread "Unconstrained build operations Thread 33"        [_thread_blocked, id=34016, stack(0x000000162b500000,0x000000162b600000) (1024K)]
  0x000001d630c428f0 JavaThread "Unconstrained build operations Thread 34"        [_thread_blocked, id=27408, stack(0x000000162b600000,0x000000162b700000) (1024K)]
  0x000001d630c43ca0 JavaThread "Unconstrained build operations Thread 35"        [_thread_blocked, id=15340, stack(0x000000162b700000,0x000000162b800000) (1024K)]
  0x000001d630c3ede0 JavaThread "Unconstrained build operations Thread 36"        [_thread_blocked, id=36036, stack(0x000000162b800000,0x000000162b900000) (1024K)]
  0x000001d6311fe8d0 JavaThread "Unconstrained build operations Thread 37"        [_thread_blocked, id=31564, stack(0x000000162b900000,0x000000162ba00000) (1024K)]
  0x000001d6311fa0a0 JavaThread "Unconstrained build operations Thread 38"        [_thread_blocked, id=36860, stack(0x000000162ba00000,0x000000162bb00000) (1024K)]
  0x000001d6311fc170 JavaThread "Unconstrained build operations Thread 39"        [_thread_blocked, id=20192, stack(0x000000162bb00000,0x000000162bc00000) (1024K)]
  0x000001d6311f9a10 JavaThread "Unconstrained build operations Thread 40"        [_thread_blocked, id=33804, stack(0x000000162bc00000,0x000000162bd00000) (1024K)]
  0x000001d6311fc800 JavaThread "Unconstrained build operations Thread 41"        [_thread_blocked, id=35440, stack(0x000000162bd00000,0x000000162be00000) (1024K)]
  0x000001d6311fadc0 JavaThread "Unconstrained build operations Thread 42"        [_thread_blocked, id=36004, stack(0x000000162be00000,0x000000162bf00000) (1024K)]
  0x000001d6311fbae0 JavaThread "Unconstrained build operations Thread 43"        [_thread_blocked, id=35764, stack(0x000000162bf00000,0x000000162c000000) (1024K)]
  0x000001d6311f9380 JavaThread "Unconstrained build operations Thread 44"        [_thread_blocked, id=35432, stack(0x000000162c000000,0x000000162c100000) (1024K)]
  0x000001d6311fa730 JavaThread "Unconstrained build operations Thread 45"        [_thread_blocked, id=28728, stack(0x000000162c100000,0x000000162c200000) (1024K)]
  0x000001d6311fb450 JavaThread "Unconstrained build operations Thread 46"        [_thread_blocked, id=6176, stack(0x000000162c200000,0x000000162c300000) (1024K)]
  0x000001d6311fce90 JavaThread "Unconstrained build operations Thread 47"        [_thread_blocked, id=25036, stack(0x0000001628600000,0x0000001628700000) (1024K)]
  0x000001d6311fef60 JavaThread "Unconstrained build operations Thread 48"        [_thread_blocked, id=1688, stack(0x000000162c300000,0x000000162c400000) (1024K)]
  0x000001d6311fd520 JavaThread "Unconstrained build operations Thread 49"        [_thread_blocked, id=33096, stack(0x000000162c400000,0x000000162c500000) (1024K)]
  0x000001d6311fdbb0 JavaThread "Unconstrained build operations Thread 50"        [_thread_blocked, id=31028, stack(0x000000162c500000,0x000000162c600000) (1024K)]
  0x000001d6311fe240 JavaThread "Unconstrained build operations Thread 51"        [_thread_blocked, id=21872, stack(0x000000162c600000,0x000000162c700000) (1024K)]
  0x000001d6311ff5f0 JavaThread "Unconstrained build operations Thread 52"        [_thread_blocked, id=6392, stack(0x000000162c700000,0x000000162c800000) (1024K)]
  0x000001d6311f8660 JavaThread "Unconstrained build operations Thread 53"        [_thread_blocked, id=30004, stack(0x000000162c800000,0x000000162c900000) (1024K)]
  0x000001d6311ffc80 JavaThread "Unconstrained build operations Thread 54"        [_thread_blocked, id=23928, stack(0x000000162c900000,0x000000162ca00000) (1024K)]
  0x000001d6311f8cf0 JavaThread "Unconstrained build operations Thread 55"        [_thread_blocked, id=33656, stack(0x000000162ca00000,0x000000162cb00000) (1024K)]
  0x000001d633cee680 JavaThread "Unconstrained build operations Thread 56"        [_thread_blocked, id=32944, stack(0x000000162cb00000,0x000000162cc00000) (1024K)]
  0x000001d633ceed10 JavaThread "Unconstrained build operations Thread 57"        [_thread_blocked, id=21396, stack(0x000000162cc00000,0x000000162cd00000) (1024K)]
  0x000001d633ced960 JavaThread "Unconstrained build operations Thread 58"        [_thread_blocked, id=35964, stack(0x000000162cd00000,0x000000162ce00000) (1024K)]
  0x000001d633cf1470 JavaThread "Unconstrained build operations Thread 59"        [_thread_blocked, id=29928, stack(0x000000162ce00000,0x000000162cf00000) (1024K)]
  0x000001d633cefa30 JavaThread "Unconstrained build operations Thread 60"        [_thread_blocked, id=34040, stack(0x000000162cf00000,0x000000162d000000) (1024K)]
  0x000001d633cf1b00 JavaThread "Unconstrained build operations Thread 61"        [_thread_blocked, id=8936, stack(0x000000162d100000,0x000000162d200000) (1024K)]
  0x000001d633cedff0 JavaThread "Unconstrained build operations Thread 62"        [_thread_blocked, id=36300, stack(0x000000162d200000,0x000000162d300000) (1024K)]
  0x000001d633cf0750 JavaThread "Unconstrained build operations Thread 63"        [_thread_blocked, id=34720, stack(0x000000162d300000,0x000000162d400000) (1024K)]
  0x000001d633ced2d0 JavaThread "Unconstrained build operations Thread 64"        [_thread_blocked, id=30404, stack(0x000000162d400000,0x000000162d500000) (1024K)]
  0x000001d633cf3540 JavaThread "Unconstrained build operations Thread 65"        [_thread_blocked, id=32276, stack(0x000000162d500000,0x000000162d600000) (1024K)]
  0x000001d633cf0de0 JavaThread "Unconstrained build operations Thread 66"        [_thread_blocked, id=36520, stack(0x000000162d600000,0x000000162d700000) (1024K)]
  0x000001d633cf2190 JavaThread "Unconstrained build operations Thread 67"        [_thread_blocked, id=32436, stack(0x000000162d700000,0x000000162d800000) (1024K)]
  0x000001d633cf2820 JavaThread "jar transforms"                    [_thread_blocked, id=32560, stack(0x000000162d000000,0x000000162d100000) (1024K)]
  0x000001d633cf3bd0 JavaThread "jar transforms Thread 2"           [_thread_blocked, id=16832, stack(0x000000162d800000,0x000000162d900000) (1024K)]
  0x000001d6360d6200 JavaThread "jar transforms Thread 3"           [_thread_blocked, id=22156, stack(0x000000162d900000,0x000000162da00000) (1024K)]
  0x000001d6360d82d0 JavaThread "jar transforms Thread 4"           [_thread_blocked, id=1832, stack(0x000000162da00000,0x000000162db00000) (1024K)]
  0x000001d6360d9d10 JavaThread "Unconstrained build operations Thread 68"        [_thread_blocked, id=29956, stack(0x000000162dc00000,0x000000162dd00000) (1024K)]
  0x000001d6360dbde0 JavaThread "Unconstrained build operations Thread 69"        [_thread_blocked, id=4412, stack(0x000000162dd00000,0x000000162de00000) (1024K)]
  0x000001d6360daa30 JavaThread "Unconstrained build operations Thread 70"        [_thread_blocked, id=11768, stack(0x000000162de00000,0x000000162df00000) (1024K)]
  0x000001d6360dc470 JavaThread "Unconstrained build operations Thread 71"        [_thread_blocked, id=33920, stack(0x000000162df00000,0x000000162e000000) (1024K)]
  0x000001d6360dcb00 JavaThread "Unconstrained build operations Thread 72"        [_thread_blocked, id=9264, stack(0x000000162e000000,0x000000162e100000) (1024K)]
  0x000001d6360dd820 JavaThread "Unconstrained build operations Thread 73"        [_thread_blocked, id=8456, stack(0x000000162e100000,0x000000162e200000) (1024K)]
  0x000001d6360d6890 JavaThread "Unconstrained build operations Thread 74"        [_thread_blocked, id=32416, stack(0x000000162e200000,0x000000162e300000) (1024K)]
  0x000001d633cf00c0 JavaThread "Unconstrained build operations Thread 75"        [_thread_blocked, id=14468, stack(0x000000162e300000,0x000000162e400000) (1024K)]
  0x000001d630c3e750 JavaThread "Unconstrained build operations Thread 76"        [_thread_blocked, id=35072, stack(0x000000162e400000,0x000000162e500000) (1024K)]
  0x000001d63525c2f0 JavaThread "Unconstrained build operations Thread 77"        [_thread_blocked, id=11036, stack(0x000000162e500000,0x000000162e600000) (1024K)]
  0x000001d63525d010 JavaThread "Unconstrained build operations Thread 78"        [_thread_blocked, id=33364, stack(0x000000162e600000,0x000000162e700000) (1024K)]
  0x000001d63525b5d0 JavaThread "Unconstrained build operations Thread 79"        [_thread_blocked, id=35292, stack(0x000000162e700000,0x000000162e800000) (1024K)]
  0x000001d63525e3c0 JavaThread "Unconstrained build operations Thread 80"        [_thread_blocked, id=30552, stack(0x000000162e800000,0x000000162e900000) (1024K)]
  0x000001d634eb56f0 JavaThread "jar transforms Thread 5"           [_thread_blocked, id=32608, stack(0x000000162e900000,0x000000162ea00000) (1024K)]
  0x000001d634eb8b70 JavaThread "jar transforms Thread 6"           [_thread_blocked, id=35652, stack(0x000000162ec00000,0x000000162ed00000) (1024K)]
  0x000001d634eb1be0 JavaThread "jar transforms Thread 7"           [_thread_blocked, id=34760, stack(0x000000162db00000,0x000000162dc00000) (1024K)]
  0x000001d634eb9200 JavaThread "jar transforms Thread 8"           [_thread_blocked, id=36348, stack(0x000000162ed00000,0x000000162ee00000) (1024K)]
  0x000001d634ebb960 JavaThread "Cache worker for execution history cache (C:\projectpsm\uthmshareride\android\.gradle\8.10.2\executionHistory)"        [_thread_blocked, id=32976, stack(0x0000001625700000,0x0000001625800000) (1024K)]
  0x000001d63cabd700 JavaThread "WorkerExecutor Queue"              [_thread_blocked, id=34080, stack(0x0000001625600000,0x0000001625700000) (1024K)]
  0x000001d63cabfe60 JavaThread "WorkerExecutor Queue Thread 2"        [_thread_blocked, id=34104, stack(0x0000001625800000,0x0000001625900000) (1024K)]
  0x000001d63cac18a0 JavaThread "WorkerExecutor Queue Thread 3"        [_thread_blocked, id=22352, stack(0x000000162ee00000,0x000000162ef00000) (1024K)]
  0x000001d63cac4690 JavaThread "RMI Scheduler(0)"           daemon [_thread_blocked, id=35028, stack(0x000000162ef00000,0x000000162f000000) (1024K)]
  0x000001d63cac6760 JavaThread "RMI GC Daemon"              daemon [_thread_blocked, id=30656, stack(0x000000162f100000,0x000000162f200000) (1024K)]
  0x000001d63cac9550 JavaThread "RMI TCP Accept-0"           daemon [_thread_in_native, id=35680, stack(0x000000162f200000,0x000000162f300000) (1024K)]
  0x000001d63caca270 JavaThread "RMI Reaper"                        [_thread_blocked, id=30836, stack(0x000000162f300000,0x000000162f400000) (1024K)]
  0x000001d63edad4a0 JavaThread "RMI TCP Connection(idle)"   daemon [_thread_blocked, id=36456, stack(0x000000162ea00000,0x000000162eb00000) (1024K)]
Total: 141

Other Threads:
=>0x000001d5e73f53b0 VMThread "VM Thread"                           [id=30120, stack(0x0000001626000000,0x0000001626100000) (1024K)]
  0x000001d5e73e33f0 WatcherThread "VM Periodic Task Thread"        [id=32832, stack(0x0000001625f00000,0x0000001626000000) (1024K)]
  0x000001d5b456f2c0 WorkerThread "GC Thread#0"                     [id=29576, stack(0x0000001625a00000,0x0000001625b00000) (1024K)]
  0x000001d62fab1450 WorkerThread "GC Thread#1"                     [id=35868, stack(0x0000001626b00000,0x0000001626c00000) (1024K)]
  0x000001d62fad4760 WorkerThread "GC Thread#2"                     [id=35984, stack(0x0000001626c00000,0x0000001626d00000) (1024K)]
  0x000001d62fad4b10 WorkerThread "GC Thread#3"                     [id=34716, stack(0x0000001626d00000,0x0000001626e00000) (1024K)]
  0x000001d62ff38920 WorkerThread "GC Thread#4"                     [id=31040, stack(0x0000001626e00000,0x0000001626f00000) (1024K)]
  0x000001d62fd8d990 WorkerThread "GC Thread#5"                     [id=33584, stack(0x0000001626f00000,0x0000001627000000) (1024K)]
  0x000001d630b156a0 WorkerThread "GC Thread#6"                     [id=31708, stack(0x0000001627000000,0x0000001627100000) (1024K)]
  0x000001d630b14430 WorkerThread "GC Thread#7"                     [id=33928, stack(0x0000001627b00000,0x0000001627c00000) (1024K)]
  0x000001d5b457c280 ConcurrentGCThread "G1 Main Marker"            [id=33160, stack(0x0000001625b00000,0x0000001625c00000) (1024K)]
  0x000001d5b457ce50 WorkerThread "G1 Conc#0"                       [id=26748, stack(0x0000001625c00000,0x0000001625d00000) (1024K)]
  0x000001d632107740 WorkerThread "G1 Conc#1"                       [id=32476, stack(0x0000001628100000,0x0000001628200000) (1024K)]
  0x000001d5e72b7010 ConcurrentGCThread "G1 Refine#0"               [id=25108, stack(0x0000001625d00000,0x0000001625e00000) (1024K)]
  0x000001d5e72b7c50 ConcurrentGCThread "G1 Service"                [id=34452, stack(0x0000001625e00000,0x0000001625f00000) (1024K)]
Total: 15

Threads with active compile tasks:
C2 CompilerThread0  215775 32323       4       com.android.tools.r8.internal.vd::a (4363 bytes)
Total: 1

VM state: at safepoint (normal execution)

VM Mutex/Monitor currently owned by a thread:  ([mutex/lock_event])
[0x00007ffc01df3910] Threads_lock - owner thread: 0x000001d5e73f53b0
[0x00007ffc01df3a10] Heap_lock - owner thread: 0x000001d6311f8cf0

Heap address: 0x0000000600000000, size: 8192 MB, Compressed Oops mode: Zero based, Oop shift amount: 3

CDS archive(s) mapped at: [0x000001d5ea000000-0x000001d5ead70000-0x000001d5ead70000), size 14090240, SharedBaseAddress: 0x000001d5ea000000, ArchiveRelocationMode: 1.
Compressed class space mapped at: 0x000001d5eb000000-0x000001d62b000000, reserved size: 1073741824
Narrow klass base: 0x000001d5ea000000, Narrow klass shift: 0, Narrow klass range: 0x41000000

GC Precious Log:
 CardTable entry size: 512
 Card Set container configuration: InlinePtr #cards 4 size 8 Array Of Cards #cards 32 size 80 Howl #buckets 8 coarsen threshold 7372 Howl Bitmap #cards 1024 size 144 coarsen threshold 921 Card regions per heap region 1 cards per card region 8192
 CPUs: 8 total, 8 available
 Memory: 7932M
 Large Page Support: Disabled
 NUMA Support: Disabled
 Compressed Oops: Enabled (Zero based)
 Heap Region Size: 4M
 Heap Min Capacity: 8M
 Heap Initial Capacity: 124M
 Heap Max Capacity: 8G
 Pre-touch: Disabled
 Parallel Workers: 8
 Concurrent Workers: 2
 Concurrent Refinement Workers: 8
 Periodic GC: Disabled

Heap:
 garbage-first heap   total reserved 8388608K, committed 1916928K, used 441709K [0x0000000600000000, 0x0000000800000000)
  region size 4096K, 8 young (32768K), 8 survivors (32768K)
 Metaspace       used 140390K, committed 143232K, reserved 1179648K
  class space    used 20045K, committed 21376K, reserved 1048576K

Heap Regions: E=young(eden), S=young(survivor), O=old, HS=humongous(starts), HC=humongous(continues), CS=collection set, F=free, TAMS=top-at-mark-start, PB=parsable bottom
|   0|0x0000000600000000, 0x0000000600400000, 0x0000000600400000|100%|HS|  |TAMS 0x0000000600000000| PB 0x0000000600000000| Complete |  0
|   1|0x0000000600400000, 0x0000000600800000, 0x0000000600800000|100%| O|  |TAMS 0x0000000600400000| PB 0x0000000600400000| Untracked |  0
|   2|0x0000000600800000, 0x0000000600c00000, 0x0000000600c00000|100%| O|  |TAMS 0x0000000600800000| PB 0x0000000600800000| Untracked |  0
|   3|0x0000000600c00000, 0x0000000601000000, 0x0000000601000000|100%| O|  |TAMS 0x0000000600c00000| PB 0x0000000600c00000| Untracked |  0
|   4|0x0000000601000000, 0x0000000601400000, 0x0000000601400000|100%| O|  |TAMS 0x0000000601000000| PB 0x0000000601000000| Untracked |  0
|   5|0x0000000601400000, 0x0000000601800000, 0x0000000601800000|100%| O|  |TAMS 0x0000000601400000| PB 0x0000000601400000| Untracked |  0
|   6|0x0000000601800000, 0x0000000601c00000, 0x0000000601c00000|100%| O|  |TAMS 0x0000000601800000| PB 0x0000000601800000| Untracked |  0
|   7|0x0000000601c00000, 0x0000000602000000, 0x0000000602000000|100%| O|  |TAMS 0x0000000601c00000| PB 0x0000000601c00000| Untracked |  0
|   8|0x0000000602000000, 0x0000000602400000, 0x0000000602400000|100%| O|  |TAMS 0x0000000602000000| PB 0x0000000602000000| Untracked |  0
|   9|0x0000000602400000, 0x0000000602800000, 0x0000000602800000|100%| O|  |TAMS 0x0000000602400000| PB 0x0000000602400000| Untracked |  0
|  10|0x0000000602800000, 0x0000000602c00000, 0x0000000602c00000|100%| O|  |TAMS 0x0000000602800000| PB 0x0000000602800000| Untracked |  0
|  11|0x0000000602c00000, 0x0000000603000000, 0x0000000603000000|100%|HS|  |TAMS 0x0000000602c00000| PB 0x0000000602c00000| Complete |  0
|  12|0x0000000603000000, 0x0000000603400000, 0x0000000603400000|100%|HS|  |TAMS 0x0000000603000000| PB 0x0000000603000000| Complete |  0
|  13|0x0000000603400000, 0x0000000603800000, 0x0000000603800000|100%| O|  |TAMS 0x0000000603400000| PB 0x0000000603400000| Untracked |  0
|  14|0x0000000603800000, 0x0000000603c00000, 0x0000000603c00000|100%| O|  |TAMS 0x0000000603800000| PB 0x0000000603800000| Untracked |  0
|  15|0x0000000603c00000, 0x0000000604000000, 0x0000000604000000|100%| O|  |TAMS 0x0000000603c00000| PB 0x0000000603c00000| Untracked |  0
|  16|0x0000000604000000, 0x0000000604400000, 0x0000000604400000|100%| O|  |TAMS 0x0000000604000000| PB 0x0000000604000000| Untracked |  0
|  17|0x0000000604400000, 0x0000000604800000, 0x0000000604800000|100%|HS|  |TAMS 0x0000000604400000| PB 0x0000000604400000| Complete |  0
|  18|0x0000000604800000, 0x0000000604c00000, 0x0000000604c00000|100%|HS|  |TAMS 0x0000000604800000| PB 0x0000000604800000| Complete |  0
|  19|0x0000000604c00000, 0x0000000605000000, 0x0000000605000000|100%| O|  |TAMS 0x0000000604c00000| PB 0x0000000604c00000| Untracked |  0
|  20|0x0000000605000000, 0x0000000605400000, 0x0000000605400000|100%| O|  |TAMS 0x0000000605000000| PB 0x0000000605000000| Untracked |  0
|  21|0x0000000605400000, 0x0000000605800000, 0x0000000605800000|100%| O|  |TAMS 0x0000000605400000| PB 0x0000000605400000| Untracked |  0
|  22|0x0000000605800000, 0x0000000605c00000, 0x0000000605c00000|100%| O|  |TAMS 0x0000000605800000| PB 0x0000000605800000| Untracked |  0
|  23|0x0000000605c00000, 0x0000000606000000, 0x0000000606000000|100%| O|  |TAMS 0x0000000605c00000| PB 0x0000000605c00000| Untracked |  0
|  24|0x0000000606000000, 0x0000000606400000, 0x0000000606400000|100%| O|  |TAMS 0x0000000606000000| PB 0x0000000606000000| Untracked |  0
|  25|0x0000000606400000, 0x0000000606800000, 0x0000000606800000|100%| O|  |TAMS 0x0000000606400000| PB 0x0000000606400000| Untracked |  0
|  26|0x0000000606800000, 0x0000000606c00000, 0x0000000606c00000|100%| O|  |TAMS 0x0000000606800000| PB 0x0000000606800000| Untracked |  0
|  27|0x0000000606c00000, 0x0000000607000000, 0x0000000607000000|100%| O|  |TAMS 0x0000000606c00000| PB 0x0000000606c00000| Untracked |  0
|  28|0x0000000607000000, 0x0000000607400000, 0x0000000607400000|100%| O|  |TAMS 0x0000000607000000| PB 0x0000000607000000| Untracked |  0
|  29|0x0000000607400000, 0x0000000607800000, 0x0000000607800000|100%| O|  |TAMS 0x0000000607400000| PB 0x0000000607400000| Untracked |  0
|  30|0x0000000607800000, 0x0000000607c00000, 0x0000000607c00000|100%|HS|  |TAMS 0x0000000607800000| PB 0x0000000607800000| Complete |  0
|  31|0x0000000607c00000, 0x0000000608000000, 0x0000000608000000|100%| O|  |TAMS 0x0000000607c00000| PB 0x0000000607c00000| Untracked |  0
|  32|0x0000000608000000, 0x0000000608400000, 0x0000000608400000|100%| O|  |TAMS 0x0000000608000000| PB 0x0000000608000000| Untracked |  0
|  33|0x0000000608400000, 0x0000000608800000, 0x0000000608800000|100%| O|  |TAMS 0x0000000608400000| PB 0x0000000608400000| Untracked |  0
|  34|0x0000000608800000, 0x0000000608c00000, 0x0000000608c00000|100%| O|  |TAMS 0x0000000608800000| PB 0x0000000608800000| Untracked |  0
|  35|0x0000000608c00000, 0x0000000609000000, 0x0000000609000000|100%| O|  |TAMS 0x0000000608c00000| PB 0x0000000608c00000| Untracked |  0
|  36|0x0000000609000000, 0x0000000609400000, 0x0000000609400000|100%| O|  |TAMS 0x0000000609000000| PB 0x0000000609000000| Untracked |  0
|  37|0x0000000609400000, 0x0000000609800000, 0x0000000609800000|100%| O|  |TAMS 0x0000000609400000| PB 0x0000000609400000| Untracked |  0
|  38|0x0000000609800000, 0x0000000609c00000, 0x0000000609c00000|100%| O|  |TAMS 0x0000000609800000| PB 0x0000000609800000| Untracked |  0
|  39|0x0000000609c00000, 0x000000060a000000, 0x000000060a000000|100%| O|  |TAMS 0x0000000609c00000| PB 0x0000000609c00000| Untracked |  0
|  40|0x000000060a000000, 0x000000060a400000, 0x000000060a400000|100%| O|  |TAMS 0x000000060a000000| PB 0x000000060a000000| Untracked |  0
|  41|0x000000060a400000, 0x000000060a800000, 0x000000060a800000|100%| O|  |TAMS 0x000000060a400000| PB 0x000000060a400000| Untracked |  0
|  42|0x000000060a800000, 0x000000060ac00000, 0x000000060ac00000|100%| O|  |TAMS 0x000000060a800000| PB 0x000000060a800000| Untracked |  0
|  43|0x000000060ac00000, 0x000000060b000000, 0x000000060b000000|100%| O|  |TAMS 0x000000060ac00000| PB 0x000000060ac00000| Untracked |  0
|  44|0x000000060b000000, 0x000000060b400000, 0x000000060b400000|100%| O|  |TAMS 0x000000060b000000| PB 0x000000060b000000| Untracked |  0
|  45|0x000000060b400000, 0x000000060b800000, 0x000000060b800000|100%| O|  |TAMS 0x000000060b400000| PB 0x000000060b400000| Untracked |  0
|  46|0x000000060b800000, 0x000000060bc00000, 0x000000060bc00000|100%| O|  |TAMS 0x000000060b800000| PB 0x000000060b800000| Untracked |  0
|  47|0x000000060bc00000, 0x000000060c000000, 0x000000060c000000|100%| O|  |TAMS 0x000000060bc00000| PB 0x000000060bc00000| Untracked |  0
|  48|0x000000060c000000, 0x000000060c400000, 0x000000060c400000|100%| O|  |TAMS 0x000000060c000000| PB 0x000000060c000000| Untracked |  0
|  49|0x000000060c400000, 0x000000060c800000, 0x000000060c800000|100%| O|  |TAMS 0x000000060c400000| PB 0x000000060c400000| Untracked |  0
|  50|0x000000060c800000, 0x000000060cc00000, 0x000000060cc00000|100%| O|  |TAMS 0x000000060c800000| PB 0x000000060c800000| Untracked |  0
|  51|0x000000060cc00000, 0x000000060d000000, 0x000000060d000000|100%| O|  |TAMS 0x000000060cc00000| PB 0x000000060cc00000| Untracked |  0
|  52|0x000000060d000000, 0x000000060d400000, 0x000000060d400000|100%| O|  |TAMS 0x000000060d000000| PB 0x000000060d000000| Untracked |  0
|  53|0x000000060d400000, 0x000000060d800000, 0x000000060d800000|100%| O|  |TAMS 0x000000060d400000| PB 0x000000060d400000| Untracked |  0
|  54|0x000000060d800000, 0x000000060dc00000, 0x000000060dc00000|100%| O|  |TAMS 0x000000060d800000| PB 0x000000060d800000| Untracked |  0
|  55|0x000000060dc00000, 0x000000060e000000, 0x000000060e000000|100%| O|  |TAMS 0x000000060dc00000| PB 0x000000060dc00000| Untracked |  0
|  56|0x000000060e000000, 0x000000060e400000, 0x000000060e400000|100%| O|  |TAMS 0x000000060e000000| PB 0x000000060e000000| Untracked |  0
|  57|0x000000060e400000, 0x000000060e800000, 0x000000060e800000|100%| O|  |TAMS 0x000000060e400000| PB 0x000000060e400000| Untracked |  0
|  58|0x000000060e800000, 0x000000060ec00000, 0x000000060ec00000|100%| O|  |TAMS 0x000000060e800000| PB 0x000000060e800000| Untracked |  0
|  59|0x000000060ec00000, 0x000000060f000000, 0x000000060f000000|100%| O|  |TAMS 0x000000060ec00000| PB 0x000000060ec00000| Untracked |  0
|  60|0x000000060f000000, 0x000000060f400000, 0x000000060f400000|100%| O|  |TAMS 0x000000060f000000| PB 0x000000060f000000| Untracked |  0
|  61|0x000000060f400000, 0x000000060f800000, 0x000000060f800000|100%| O|  |TAMS 0x000000060f400000| PB 0x000000060f400000| Untracked |  0
|  62|0x000000060f800000, 0x000000060fc00000, 0x000000060fc00000|100%| O|  |TAMS 0x000000060f800000| PB 0x000000060f800000| Untracked |  0
|  63|0x000000060fc00000, 0x0000000610000000, 0x0000000610000000|100%| O|  |TAMS 0x000000060fc00000| PB 0x000000060fc00000| Untracked |  0
|  64|0x0000000610000000, 0x00000006102bd638, 0x0000000610400000| 68%| O|  |TAMS 0x0000000610000000| PB 0x0000000610000000| Untracked |  0
|  65|0x0000000610400000, 0x0000000610800000, 0x0000000610800000|100%| O|  |TAMS 0x0000000610400000| PB 0x0000000610400000| Untracked |  0
|  66|0x0000000610800000, 0x0000000610c00000, 0x0000000610c00000|100%| O|  |TAMS 0x0000000610800000| PB 0x0000000610800000| Untracked |  0
|  67|0x0000000610c00000, 0x0000000611000000, 0x0000000611000000|100%| O|  |TAMS 0x0000000610c00000| PB 0x0000000610c00000| Untracked |  0
|  68|0x0000000611000000, 0x0000000611400000, 0x0000000611400000|100%| O|  |TAMS 0x0000000611000000| PB 0x0000000611000000| Untracked |  0
|  69|0x0000000611400000, 0x0000000611800000, 0x0000000611800000|100%| O|  |TAMS 0x0000000611400000| PB 0x0000000611400000| Untracked |  0
|  70|0x0000000611800000, 0x0000000611c00000, 0x0000000611c00000|100%| O|  |TAMS 0x0000000611800000| PB 0x0000000611800000| Untracked |  0
|  71|0x0000000611c00000, 0x0000000612000000, 0x0000000612000000|100%| O|  |TAMS 0x0000000611c00000| PB 0x0000000611c00000| Untracked |  0
|  72|0x0000000612000000, 0x0000000612400000, 0x0000000612400000|100%| O|  |TAMS 0x0000000612000000| PB 0x0000000612000000| Untracked |  0
|  73|0x0000000612400000, 0x0000000612800000, 0x0000000612800000|100%| O|  |TAMS 0x0000000612400000| PB 0x0000000612400000| Untracked |  0
|  74|0x0000000612800000, 0x0000000612c00000, 0x0000000612c00000|100%| O|  |TAMS 0x0000000612800000| PB 0x0000000612800000| Untracked |  0
|  75|0x0000000612c00000, 0x0000000613000000, 0x0000000613000000|100%| O|  |TAMS 0x0000000612c00000| PB 0x0000000612c00000| Untracked |  0
|  76|0x0000000613000000, 0x0000000613400000, 0x0000000613400000|100%| O|  |TAMS 0x0000000613000000| PB 0x0000000613000000| Untracked |  0
|  77|0x0000000613400000, 0x0000000613800000, 0x0000000613800000|100%| O|  |TAMS 0x0000000613400000| PB 0x0000000613400000| Untracked |  0
|  78|0x0000000613800000, 0x0000000613c00000, 0x0000000613c00000|100%| O|  |TAMS 0x0000000613800000| PB 0x0000000613800000| Untracked |  0
|  79|0x0000000613c00000, 0x0000000614000000, 0x0000000614000000|100%| O|  |TAMS 0x0000000613c00000| PB 0x0000000613c00000| Untracked |  0
|  80|0x0000000614000000, 0x0000000614400000, 0x0000000614400000|100%| O|  |TAMS 0x0000000614000000| PB 0x0000000614000000| Untracked |  0
|  81|0x0000000614400000, 0x0000000614800000, 0x0000000614800000|100%|HS|  |TAMS 0x0000000614400000| PB 0x0000000614400000| Complete |  0
|  82|0x0000000614800000, 0x0000000614c00000, 0x0000000614c00000|100%|HC|  |TAMS 0x0000000614800000| PB 0x0000000614800000| Complete |  0
|  83|0x0000000614c00000, 0x0000000614e57c20, 0x0000000615000000| 58%| O|  |TAMS 0x0000000614c00000| PB 0x0000000614c00000| Untracked |  0
|  84|0x0000000615000000, 0x0000000615000000, 0x0000000615400000|  0%| F|  |TAMS 0x0000000615000000| PB 0x0000000615000000| Untracked |  0
|  85|0x0000000615400000, 0x0000000615800000, 0x0000000615800000|100%| O|  |TAMS 0x0000000615400000| PB 0x0000000615400000| Untracked |  0
|  86|0x0000000615800000, 0x0000000615c00000, 0x0000000615c00000|100%| O|  |TAMS 0x0000000615800000| PB 0x0000000615800000| Untracked |  0
|  87|0x0000000615c00000, 0x0000000616000000, 0x0000000616000000|100%| O|  |TAMS 0x0000000615c00000| PB 0x0000000615c00000| Untracked |  0
|  88|0x0000000616000000, 0x0000000616400000, 0x0000000616400000|100%| O|  |TAMS 0x0000000616000000| PB 0x0000000616000000| Untracked |  0
|  89|0x0000000616400000, 0x0000000616400000, 0x0000000616800000|  0%| F|  |TAMS 0x0000000616400000| PB 0x0000000616400000| Untracked |  0
|  90|0x0000000616800000, 0x0000000616c00000, 0x0000000616c00000|100%| O|  |TAMS 0x0000000616800000| PB 0x0000000616800000| Untracked |  0
|  91|0x0000000616c00000, 0x0000000617000000, 0x0000000617000000|100%| O|  |TAMS 0x0000000616c00000| PB 0x0000000616c00000| Untracked |  0
|  92|0x0000000617000000, 0x0000000617400000, 0x0000000617400000|100%| O|  |TAMS 0x0000000617000000| PB 0x0000000617000000| Untracked |  0
|  93|0x0000000617400000, 0x0000000617800000, 0x0000000617800000|100%| O|  |TAMS 0x0000000617400000| PB 0x0000000617400000| Untracked |  0
|  94|0x0000000617800000, 0x0000000617c00000, 0x0000000617c00000|100%| O|  |TAMS 0x0000000617800000| PB 0x0000000617800000| Untracked |  0
|  95|0x0000000617c00000, 0x0000000618000000, 0x0000000618000000|100%| O|  |TAMS 0x0000000617c00000| PB 0x0000000617c00000| Untracked |  0
|  96|0x0000000618000000, 0x0000000618400000, 0x0000000618400000|100%| O|  |TAMS 0x0000000618000000| PB 0x0000000618000000| Untracked |  0
|  97|0x0000000618400000, 0x0000000618800000, 0x0000000618800000|100%| O|  |TAMS 0x0000000618400000| PB 0x0000000618400000| Untracked |  0
|  98|0x0000000618800000, 0x0000000618c00000, 0x0000000618c00000|100%| O|  |TAMS 0x0000000618800000| PB 0x0000000618800000| Untracked |  0
|  99|0x0000000618c00000, 0x0000000619000000, 0x0000000619000000|100%| O|  |TAMS 0x0000000618c00000| PB 0x0000000618c00000| Untracked |  0
| 100|0x0000000619000000, 0x0000000619400000, 0x0000000619400000|100%| O|  |TAMS 0x0000000619000000| PB 0x0000000619000000| Untracked |  0
| 101|0x0000000619400000, 0x0000000619800000, 0x0000000619800000|100%| O|  |TAMS 0x0000000619400000| PB 0x0000000619400000| Untracked |  0
| 102|0x0000000619800000, 0x0000000619c00000, 0x0000000619c00000|100%| O|  |TAMS 0x0000000619800000| PB 0x0000000619800000| Untracked |  0
| 103|0x0000000619c00000, 0x0000000619c00000, 0x000000061a000000|  0%| F|  |TAMS 0x0000000619c00000| PB 0x0000000619c00000| Untracked |  0
| 104|0x000000061a000000, 0x000000061a000000, 0x000000061a400000|  0%| F|  |TAMS 0x000000061a000000| PB 0x000000061a000000| Untracked |  0
| 105|0x000000061a400000, 0x000000061a400000, 0x000000061a800000|  0%| F|  |TAMS 0x000000061a400000| PB 0x000000061a400000| Untracked |  0
| 106|0x000000061a800000, 0x000000061a800000, 0x000000061ac00000|  0%| F|  |TAMS 0x000000061a800000| PB 0x000000061a800000| Untracked |  0
| 107|0x000000061ac00000, 0x000000061ac00000, 0x000000061b000000|  0%| F|  |TAMS 0x000000061ac00000| PB 0x000000061ac00000| Untracked |  0
| 108|0x000000061b000000, 0x000000061b000000, 0x000000061b400000|  0%| F|  |TAMS 0x000000061b000000| PB 0x000000061b000000| Untracked |  0
| 109|0x000000061b400000, 0x000000061b400000, 0x000000061b800000|  0%| F|  |TAMS 0x000000061b400000| PB 0x000000061b400000| Untracked |  0
| 110|0x000000061b800000, 0x000000061b800000, 0x000000061bc00000|  0%| F|  |TAMS 0x000000061b800000| PB 0x000000061b800000| Untracked |  0
| 111|0x000000061bc00000, 0x000000061bc00000, 0x000000061c000000|  0%| F|  |TAMS 0x000000061bc00000| PB 0x000000061bc00000| Untracked |  0
| 112|0x000000061c000000, 0x000000061c000000, 0x000000061c400000|  0%| F|  |TAMS 0x000000061c000000| PB 0x000000061c000000| Untracked |  0
| 113|0x000000061c400000, 0x000000061c400000, 0x000000061c800000|  0%| F|  |TAMS 0x000000061c400000| PB 0x000000061c400000| Untracked |  0
| 114|0x000000061c800000, 0x000000061c800000, 0x000000061cc00000|  0%| F|  |TAMS 0x000000061c800000| PB 0x000000061c800000| Untracked |  0
| 115|0x000000061cc00000, 0x000000061cc00000, 0x000000061d000000|  0%| F|  |TAMS 0x000000061cc00000| PB 0x000000061cc00000| Untracked |  0
| 116|0x000000061d000000, 0x000000061d000000, 0x000000061d400000|  0%| F|  |TAMS 0x000000061d000000| PB 0x000000061d000000| Untracked |  0
| 117|0x000000061d400000, 0x000000061d400000, 0x000000061d800000|  0%| F|  |TAMS 0x000000061d400000| PB 0x000000061d400000| Untracked |  0
| 118|0x000000061d800000, 0x000000061d800000, 0x000000061dc00000|  0%| F|  |TAMS 0x000000061d800000| PB 0x000000061d800000| Untracked |  0
| 119|0x000000061dc00000, 0x000000061dc00000, 0x000000061e000000|  0%| F|  |TAMS 0x000000061dc00000| PB 0x000000061dc00000| Untracked |  0
| 120|0x000000061e000000, 0x000000061e000000, 0x000000061e400000|  0%| F|  |TAMS 0x000000061e000000| PB 0x000000061e000000| Untracked |  0
| 121|0x000000061e400000, 0x000000061e400000, 0x000000061e800000|  0%| F|  |TAMS 0x000000061e400000| PB 0x000000061e400000| Untracked |  0
| 122|0x000000061e800000, 0x000000061e800000, 0x000000061ec00000|  0%| F|  |TAMS 0x000000061e800000| PB 0x000000061e800000| Untracked |  0
| 123|0x000000061ec00000, 0x000000061ec00000, 0x000000061f000000|  0%| F|  |TAMS 0x000000061ec00000| PB 0x000000061ec00000| Untracked |  0
| 124|0x000000061f000000, 0x000000061f000000, 0x000000061f400000|  0%| F|  |TAMS 0x000000061f000000| PB 0x000000061f000000| Untracked |  0
| 125|0x000000061f400000, 0x000000061f400000, 0x000000061f800000|  0%| F|  |TAMS 0x000000061f400000| PB 0x000000061f400000| Untracked |  0
| 126|0x000000061f800000, 0x000000061f800000, 0x000000061fc00000|  0%| F|  |TAMS 0x000000061f800000| PB 0x000000061f800000| Untracked |  0
| 127|0x000000061fc00000, 0x000000061fc00000, 0x0000000620000000|  0%| F|  |TAMS 0x000000061fc00000| PB 0x000000061fc00000| Untracked |  0
| 128|0x0000000620000000, 0x0000000620000000, 0x0000000620400000|  0%| F|  |TAMS 0x0000000620000000| PB 0x0000000620000000| Untracked |  0
| 129|0x0000000620400000, 0x0000000620400000, 0x0000000620800000|  0%| F|  |TAMS 0x0000000620400000| PB 0x0000000620400000| Untracked |  0
| 130|0x0000000620800000, 0x0000000620800000, 0x0000000620c00000|  0%| F|  |TAMS 0x0000000620800000| PB 0x0000000620800000| Untracked |  0
| 131|0x0000000620c00000, 0x0000000620c00000, 0x0000000621000000|  0%| F|  |TAMS 0x0000000620c00000| PB 0x0000000620c00000| Untracked |  0
| 132|0x0000000621000000, 0x0000000621000000, 0x0000000621400000|  0%| F|  |TAMS 0x0000000621000000| PB 0x0000000621000000| Untracked |  0
| 133|0x0000000621400000, 0x0000000621400000, 0x0000000621800000|  0%| F|  |TAMS 0x0000000621400000| PB 0x0000000621400000| Untracked |  0
| 134|0x0000000621800000, 0x0000000621800000, 0x0000000621c00000|  0%| F|  |TAMS 0x0000000621800000| PB 0x0000000621800000| Untracked |  0
| 135|0x0000000621c00000, 0x0000000621c00000, 0x0000000622000000|  0%| F|  |TAMS 0x0000000621c00000| PB 0x0000000621c00000| Untracked |  0
| 136|0x0000000622000000, 0x0000000622000000, 0x0000000622400000|  0%| F|  |TAMS 0x0000000622000000| PB 0x0000000622000000| Untracked |  0
| 137|0x0000000622400000, 0x0000000622400000, 0x0000000622800000|  0%| F|  |TAMS 0x0000000622400000| PB 0x0000000622400000| Untracked |  0
| 138|0x0000000622800000, 0x0000000622800000, 0x0000000622c00000|  0%| F|  |TAMS 0x0000000622800000| PB 0x0000000622800000| Untracked |  0
| 139|0x0000000622c00000, 0x0000000622c00000, 0x0000000623000000|  0%| F|  |TAMS 0x0000000622c00000| PB 0x0000000622c00000| Untracked |  0
| 140|0x0000000623000000, 0x0000000623000000, 0x0000000623400000|  0%| F|  |TAMS 0x0000000623000000| PB 0x0000000623000000| Untracked |  0
| 141|0x0000000623400000, 0x0000000623400000, 0x0000000623800000|  0%| F|  |TAMS 0x0000000623400000| PB 0x0000000623400000| Untracked |  0
| 142|0x0000000623800000, 0x0000000623800000, 0x0000000623c00000|  0%| F|  |TAMS 0x0000000623800000| PB 0x0000000623800000| Untracked |  0
| 143|0x0000000623c00000, 0x0000000623c00000, 0x0000000624000000|  0%| F|  |TAMS 0x0000000623c00000| PB 0x0000000623c00000| Untracked |  0
| 144|0x0000000624000000, 0x0000000624000000, 0x0000000624400000|  0%| F|  |TAMS 0x0000000624000000| PB 0x0000000624000000| Untracked |  0
| 145|0x0000000624400000, 0x0000000624400000, 0x0000000624800000|  0%| F|  |TAMS 0x0000000624400000| PB 0x0000000624400000| Untracked |  0
| 146|0x0000000624800000, 0x0000000624800000, 0x0000000624c00000|  0%| F|  |TAMS 0x0000000624800000| PB 0x0000000624800000| Untracked |  0
| 147|0x0000000624c00000, 0x0000000624c00000, 0x0000000625000000|  0%| F|  |TAMS 0x0000000624c00000| PB 0x0000000624c00000| Untracked |  0
| 148|0x0000000625000000, 0x0000000625000000, 0x0000000625400000|  0%| F|  |TAMS 0x0000000625000000| PB 0x0000000625000000| Untracked |  0
| 149|0x0000000625400000, 0x0000000625400000, 0x0000000625800000|  0%| F|  |TAMS 0x0000000625400000| PB 0x0000000625400000| Untracked |  0
| 150|0x0000000625800000, 0x0000000625800000, 0x0000000625c00000|  0%| F|  |TAMS 0x0000000625800000| PB 0x0000000625800000| Untracked |  0
| 151|0x0000000625c00000, 0x0000000625c00000, 0x0000000626000000|  0%| F|  |TAMS 0x0000000625c00000| PB 0x0000000625c00000| Untracked |  0
| 152|0x0000000626000000, 0x0000000626000000, 0x0000000626400000|  0%| F|  |TAMS 0x0000000626000000| PB 0x0000000626000000| Untracked |  0
| 153|0x0000000626400000, 0x0000000626400000, 0x0000000626800000|  0%| F|  |TAMS 0x0000000626400000| PB 0x0000000626400000| Untracked |  0
| 154|0x0000000626800000, 0x0000000626800000, 0x0000000626c00000|  0%| F|  |TAMS 0x0000000626800000| PB 0x0000000626800000| Untracked |  0
| 155|0x0000000626c00000, 0x0000000626c00000, 0x0000000627000000|  0%| F|  |TAMS 0x0000000626c00000| PB 0x0000000626c00000| Untracked |  0
| 156|0x0000000627000000, 0x0000000627000000, 0x0000000627400000|  0%| F|  |TAMS 0x0000000627000000| PB 0x0000000627000000| Untracked |  0
| 157|0x0000000627400000, 0x0000000627400000, 0x0000000627800000|  0%| F|  |TAMS 0x0000000627400000| PB 0x0000000627400000| Untracked |  0
| 158|0x0000000627800000, 0x0000000627800000, 0x0000000627c00000|  0%| F|  |TAMS 0x0000000627800000| PB 0x0000000627800000| Untracked |  0
| 159|0x0000000627c00000, 0x0000000627c00000, 0x0000000628000000|  0%| F|  |TAMS 0x0000000627c00000| PB 0x0000000627c00000| Untracked |  0
| 160|0x0000000628000000, 0x0000000628000000, 0x0000000628400000|  0%| F|  |TAMS 0x0000000628000000| PB 0x0000000628000000| Untracked |  0
| 161|0x0000000628400000, 0x0000000628400000, 0x0000000628800000|  0%| F|  |TAMS 0x0000000628400000| PB 0x0000000628400000| Untracked |  0
| 162|0x0000000628800000, 0x0000000628800000, 0x0000000628c00000|  0%| F|  |TAMS 0x0000000628800000| PB 0x0000000628800000| Untracked |  0
| 163|0x0000000628c00000, 0x0000000628c00000, 0x0000000629000000|  0%| F|  |TAMS 0x0000000628c00000| PB 0x0000000628c00000| Untracked |  0
| 164|0x0000000629000000, 0x0000000629000000, 0x0000000629400000|  0%| F|  |TAMS 0x0000000629000000| PB 0x0000000629000000| Untracked |  0
| 165|0x0000000629400000, 0x0000000629400000, 0x0000000629800000|  0%| F|  |TAMS 0x0000000629400000| PB 0x0000000629400000| Untracked |  0
| 166|0x0000000629800000, 0x0000000629800000, 0x0000000629c00000|  0%| F|  |TAMS 0x0000000629800000| PB 0x0000000629800000| Untracked |  0
| 167|0x0000000629c00000, 0x0000000629c00000, 0x000000062a000000|  0%| F|  |TAMS 0x0000000629c00000| PB 0x0000000629c00000| Untracked |  0
| 168|0x000000062a000000, 0x000000062a000000, 0x000000062a400000|  0%| F|  |TAMS 0x000000062a000000| PB 0x000000062a000000| Untracked |  0
| 169|0x000000062a400000, 0x000000062a400000, 0x000000062a800000|  0%| F|  |TAMS 0x000000062a400000| PB 0x000000062a400000| Untracked |  0
| 170|0x000000062a800000, 0x000000062a800000, 0x000000062ac00000|  0%| F|  |TAMS 0x000000062a800000| PB 0x000000062a800000| Untracked |  0
| 171|0x000000062ac00000, 0x000000062ac00000, 0x000000062b000000|  0%| F|  |TAMS 0x000000062ac00000| PB 0x000000062ac00000| Untracked |  0
| 172|0x000000062b000000, 0x000000062b000000, 0x000000062b400000|  0%| F|  |TAMS 0x000000062b000000| PB 0x000000062b000000| Untracked |  0
| 173|0x000000062b400000, 0x000000062b400000, 0x000000062b800000|  0%| F|  |TAMS 0x000000062b400000| PB 0x000000062b400000| Untracked |  0
| 174|0x000000062b800000, 0x000000062b800000, 0x000000062bc00000|  0%| F|  |TAMS 0x000000062b800000| PB 0x000000062b800000| Untracked |  0
| 175|0x000000062bc00000, 0x000000062bc00000, 0x000000062c000000|  0%| F|  |TAMS 0x000000062bc00000| PB 0x000000062bc00000| Untracked |  0
| 176|0x000000062c000000, 0x000000062c000000, 0x000000062c400000|  0%| F|  |TAMS 0x000000062c000000| PB 0x000000062c000000| Untracked |  0
| 177|0x000000062c400000, 0x000000062c400000, 0x000000062c800000|  0%| F|  |TAMS 0x000000062c400000| PB 0x000000062c400000| Untracked |  0
| 178|0x000000062c800000, 0x000000062c800000, 0x000000062cc00000|  0%| F|  |TAMS 0x000000062c800000| PB 0x000000062c800000| Untracked |  0
| 179|0x000000062cc00000, 0x000000062cc00000, 0x000000062d000000|  0%| F|  |TAMS 0x000000062cc00000| PB 0x000000062cc00000| Untracked |  0
| 180|0x000000062d000000, 0x000000062d000000, 0x000000062d400000|  0%| F|  |TAMS 0x000000062d000000| PB 0x000000062d000000| Untracked |  0
| 181|0x000000062d400000, 0x000000062d400000, 0x000000062d800000|  0%| F|  |TAMS 0x000000062d400000| PB 0x000000062d400000| Untracked |  0
| 182|0x000000062d800000, 0x000000062d800000, 0x000000062dc00000|  0%| F|  |TAMS 0x000000062d800000| PB 0x000000062d800000| Untracked |  0
| 183|0x000000062dc00000, 0x000000062dc00000, 0x000000062e000000|  0%| F|  |TAMS 0x000000062dc00000| PB 0x000000062dc00000| Untracked |  0
| 184|0x000000062e000000, 0x000000062e000000, 0x000000062e400000|  0%| F|  |TAMS 0x000000062e000000| PB 0x000000062e000000| Untracked |  0
| 185|0x000000062e400000, 0x000000062e400000, 0x000000062e800000|  0%| F|  |TAMS 0x000000062e400000| PB 0x000000062e400000| Untracked |  0
| 186|0x000000062e800000, 0x000000062e800000, 0x000000062ec00000|  0%| F|  |TAMS 0x000000062e800000| PB 0x000000062e800000| Untracked |  0
| 187|0x000000062ec00000, 0x000000062ec00000, 0x000000062f000000|  0%| F|  |TAMS 0x000000062ec00000| PB 0x000000062ec00000| Untracked |  0
| 188|0x000000062f000000, 0x000000062f000000, 0x000000062f400000|  0%| F|  |TAMS 0x000000062f000000| PB 0x000000062f000000| Untracked |  0
| 189|0x000000062f400000, 0x000000062f400000, 0x000000062f800000|  0%| F|  |TAMS 0x000000062f400000| PB 0x000000062f400000| Untracked |  0
| 190|0x000000062f800000, 0x000000062f800000, 0x000000062fc00000|  0%| F|  |TAMS 0x000000062f800000| PB 0x000000062f800000| Untracked |  0
| 191|0x000000062fc00000, 0x000000062fc00000, 0x0000000630000000|  0%| F|  |TAMS 0x000000062fc00000| PB 0x000000062fc00000| Untracked |  0
| 192|0x0000000630000000, 0x0000000630000000, 0x0000000630400000|  0%| F|  |TAMS 0x0000000630000000| PB 0x0000000630000000| Untracked |  0
| 193|0x0000000630400000, 0x0000000630400000, 0x0000000630800000|  0%| F|  |TAMS 0x0000000630400000| PB 0x0000000630400000| Untracked |  0
| 194|0x0000000630800000, 0x0000000630800000, 0x0000000630c00000|  0%| F|  |TAMS 0x0000000630800000| PB 0x0000000630800000| Untracked |  0
| 195|0x0000000630c00000, 0x0000000630c00000, 0x0000000631000000|  0%| F|  |TAMS 0x0000000630c00000| PB 0x0000000630c00000| Untracked |  0
| 196|0x0000000631000000, 0x0000000631000000, 0x0000000631400000|  0%| F|  |TAMS 0x0000000631000000| PB 0x0000000631000000| Untracked |  0
| 197|0x0000000631400000, 0x0000000631400000, 0x0000000631800000|  0%| F|  |TAMS 0x0000000631400000| PB 0x0000000631400000| Untracked |  0
| 198|0x0000000631800000, 0x0000000631800000, 0x0000000631c00000|  0%| F|  |TAMS 0x0000000631800000| PB 0x0000000631800000| Untracked |  0
| 199|0x0000000631c00000, 0x0000000631c00000, 0x0000000632000000|  0%| F|  |TAMS 0x0000000631c00000| PB 0x0000000631c00000| Untracked |  0
| 200|0x0000000632000000, 0x0000000632000000, 0x0000000632400000|  0%| F|  |TAMS 0x0000000632000000| PB 0x0000000632000000| Untracked |  0
| 201|0x0000000632400000, 0x0000000632400000, 0x0000000632800000|  0%| F|  |TAMS 0x0000000632400000| PB 0x0000000632400000| Untracked |  0
| 202|0x0000000632800000, 0x0000000632800000, 0x0000000632c00000|  0%| F|  |TAMS 0x0000000632800000| PB 0x0000000632800000| Untracked |  0
| 203|0x0000000632c00000, 0x0000000632c00000, 0x0000000633000000|  0%| F|  |TAMS 0x0000000632c00000| PB 0x0000000632c00000| Untracked |  0
| 204|0x0000000633000000, 0x0000000633000000, 0x0000000633400000|  0%| F|  |TAMS 0x0000000633000000| PB 0x0000000633000000| Untracked |  0
| 205|0x0000000633400000, 0x0000000633400000, 0x0000000633800000|  0%| F|  |TAMS 0x0000000633400000| PB 0x0000000633400000| Untracked |  0
| 206|0x0000000633800000, 0x0000000633800000, 0x0000000633c00000|  0%| F|  |TAMS 0x0000000633800000| PB 0x0000000633800000| Untracked |  0
| 207|0x0000000633c00000, 0x0000000633c00000, 0x0000000634000000|  0%| F|  |TAMS 0x0000000633c00000| PB 0x0000000633c00000| Untracked |  0
| 208|0x0000000634000000, 0x0000000634000000, 0x0000000634400000|  0%| F|  |TAMS 0x0000000634000000| PB 0x0000000634000000| Untracked |  0
| 209|0x0000000634400000, 0x0000000634400000, 0x0000000634800000|  0%| F|  |TAMS 0x0000000634400000| PB 0x0000000634400000| Untracked |  0
| 210|0x0000000634800000, 0x0000000634800000, 0x0000000634c00000|  0%| F|  |TAMS 0x0000000634800000| PB 0x0000000634800000| Untracked |  0
| 211|0x0000000634c00000, 0x0000000634c00000, 0x0000000635000000|  0%| F|  |TAMS 0x0000000634c00000| PB 0x0000000634c00000| Untracked |  0
| 212|0x0000000635000000, 0x0000000635000000, 0x0000000635400000|  0%| F|  |TAMS 0x0000000635000000| PB 0x0000000635000000| Untracked |  0
| 213|0x0000000635400000, 0x0000000635400000, 0x0000000635800000|  0%| F|  |TAMS 0x0000000635400000| PB 0x0000000635400000| Untracked |  0
| 214|0x0000000635800000, 0x0000000635800000, 0x0000000635c00000|  0%| F|  |TAMS 0x0000000635800000| PB 0x0000000635800000| Untracked |  0
| 215|0x0000000635c00000, 0x0000000635c00000, 0x0000000636000000|  0%| F|  |TAMS 0x0000000635c00000| PB 0x0000000635c00000| Untracked |  0
| 216|0x0000000636000000, 0x0000000636000000, 0x0000000636400000|  0%| F|  |TAMS 0x0000000636000000| PB 0x0000000636000000| Untracked |  0
| 217|0x0000000636400000, 0x0000000636400000, 0x0000000636800000|  0%| F|  |TAMS 0x0000000636400000| PB 0x0000000636400000| Untracked |  0
| 218|0x0000000636800000, 0x0000000636800000, 0x0000000636c00000|  0%| F|  |TAMS 0x0000000636800000| PB 0x0000000636800000| Untracked |  0
| 219|0x0000000636c00000, 0x0000000636c00000, 0x0000000637000000|  0%| F|  |TAMS 0x0000000636c00000| PB 0x0000000636c00000| Untracked |  0
| 220|0x0000000637000000, 0x0000000637000000, 0x0000000637400000|  0%| F|  |TAMS 0x0000000637000000| PB 0x0000000637000000| Untracked |  0
| 221|0x0000000637400000, 0x0000000637400000, 0x0000000637800000|  0%| F|  |TAMS 0x0000000637400000| PB 0x0000000637400000| Untracked |  0
| 222|0x0000000637800000, 0x0000000637800000, 0x0000000637c00000|  0%| F|  |TAMS 0x0000000637800000| PB 0x0000000637800000| Untracked |  0
| 223|0x0000000637c00000, 0x0000000637c00000, 0x0000000638000000|  0%| F|  |TAMS 0x0000000637c00000| PB 0x0000000637c00000| Untracked |  0
| 224|0x0000000638000000, 0x0000000638000000, 0x0000000638400000|  0%| F|  |TAMS 0x0000000638000000| PB 0x0000000638000000| Untracked |  0
| 225|0x0000000638400000, 0x0000000638400000, 0x0000000638800000|  0%| F|  |TAMS 0x0000000638400000| PB 0x0000000638400000| Untracked |  0
| 226|0x0000000638800000, 0x0000000638800000, 0x0000000638c00000|  0%| F|  |TAMS 0x0000000638800000| PB 0x0000000638800000| Untracked |  0
| 227|0x0000000638c00000, 0x0000000638c00000, 0x0000000639000000|  0%| F|  |TAMS 0x0000000638c00000| PB 0x0000000638c00000| Untracked |  0
| 228|0x0000000639000000, 0x0000000639000000, 0x0000000639400000|  0%| F|  |TAMS 0x0000000639000000| PB 0x0000000639000000| Untracked |  0
| 229|0x0000000639400000, 0x0000000639400000, 0x0000000639800000|  0%| F|  |TAMS 0x0000000639400000| PB 0x0000000639400000| Untracked |  0
| 230|0x0000000639800000, 0x0000000639800000, 0x0000000639c00000|  0%| F|  |TAMS 0x0000000639800000| PB 0x0000000639800000| Untracked |  0
| 231|0x0000000639c00000, 0x0000000639c00000, 0x000000063a000000|  0%| F|  |TAMS 0x0000000639c00000| PB 0x0000000639c00000| Untracked |  0
| 232|0x000000063a000000, 0x000000063a000000, 0x000000063a400000|  0%| F|  |TAMS 0x000000063a000000| PB 0x000000063a000000| Untracked |  0
| 233|0x000000063a400000, 0x000000063a400000, 0x000000063a800000|  0%| F|  |TAMS 0x000000063a400000| PB 0x000000063a400000| Untracked |  0
| 234|0x000000063a800000, 0x000000063a800000, 0x000000063ac00000|  0%| F|  |TAMS 0x000000063a800000| PB 0x000000063a800000| Untracked |  0
| 235|0x000000063ac00000, 0x000000063ac00000, 0x000000063b000000|  0%| F|  |TAMS 0x000000063ac00000| PB 0x000000063ac00000| Untracked |  0
| 236|0x000000063b000000, 0x000000063b000000, 0x000000063b400000|  0%| F|  |TAMS 0x000000063b000000| PB 0x000000063b000000| Untracked |  0
| 237|0x000000063b400000, 0x000000063b400000, 0x000000063b800000|  0%| F|  |TAMS 0x000000063b400000| PB 0x000000063b400000| Untracked |  0
| 238|0x000000063b800000, 0x000000063b800000, 0x000000063bc00000|  0%| F|  |TAMS 0x000000063b800000| PB 0x000000063b800000| Untracked |  0
| 239|0x000000063bc00000, 0x000000063bc00000, 0x000000063c000000|  0%| F|  |TAMS 0x000000063bc00000| PB 0x000000063bc00000| Untracked |  0
| 240|0x000000063c000000, 0x000000063c000000, 0x000000063c400000|  0%| F|  |TAMS 0x000000063c000000| PB 0x000000063c000000| Untracked |  0
| 241|0x000000063c400000, 0x000000063c400000, 0x000000063c800000|  0%| F|  |TAMS 0x000000063c400000| PB 0x000000063c400000| Untracked |  0
| 242|0x000000063c800000, 0x000000063c800000, 0x000000063cc00000|  0%| F|  |TAMS 0x000000063c800000| PB 0x000000063c800000| Untracked |  0
| 243|0x000000063cc00000, 0x000000063cc00000, 0x000000063d000000|  0%| F|  |TAMS 0x000000063cc00000| PB 0x000000063cc00000| Untracked |  0
| 244|0x000000063d000000, 0x000000063d000000, 0x000000063d400000|  0%| F|  |TAMS 0x000000063d000000| PB 0x000000063d000000| Untracked |  0
| 245|0x000000063d400000, 0x000000063d400000, 0x000000063d800000|  0%| F|  |TAMS 0x000000063d400000| PB 0x000000063d400000| Untracked |  0
| 246|0x000000063d800000, 0x000000063d800000, 0x000000063dc00000|  0%| F|  |TAMS 0x000000063d800000| PB 0x000000063d800000| Untracked |  0
| 247|0x000000063dc00000, 0x000000063dc00000, 0x000000063e000000|  0%| F|  |TAMS 0x000000063dc00000| PB 0x000000063dc00000| Untracked |  0
| 248|0x000000063e000000, 0x000000063e000000, 0x000000063e400000|  0%| F|  |TAMS 0x000000063e000000| PB 0x000000063e000000| Untracked |  0
| 249|0x000000063e400000, 0x000000063e400000, 0x000000063e800000|  0%| F|  |TAMS 0x000000063e400000| PB 0x000000063e400000| Untracked |  0
| 250|0x000000063e800000, 0x000000063e800000, 0x000000063ec00000|  0%| F|  |TAMS 0x000000063e800000| PB 0x000000063e800000| Untracked |  0
| 251|0x000000063ec00000, 0x000000063ec00000, 0x000000063f000000|  0%| F|  |TAMS 0x000000063ec00000| PB 0x000000063ec00000| Untracked |  0
| 252|0x000000063f000000, 0x000000063f000000, 0x000000063f400000|  0%| F|  |TAMS 0x000000063f000000| PB 0x000000063f000000| Untracked |  0
| 253|0x000000063f400000, 0x000000063f400000, 0x000000063f800000|  0%| F|  |TAMS 0x000000063f400000| PB 0x000000063f400000| Untracked |  0
| 254|0x000000063f800000, 0x000000063f800000, 0x000000063fc00000|  0%| F|  |TAMS 0x000000063f800000| PB 0x000000063f800000| Untracked |  0
| 255|0x000000063fc00000, 0x000000063fc00000, 0x0000000640000000|  0%| F|  |TAMS 0x000000063fc00000| PB 0x000000063fc00000| Untracked |  0
| 256|0x0000000640000000, 0x0000000640000000, 0x0000000640400000|  0%| F|  |TAMS 0x0000000640000000| PB 0x0000000640000000| Untracked |  0
| 257|0x0000000640400000, 0x0000000640400000, 0x0000000640800000|  0%| F|  |TAMS 0x0000000640400000| PB 0x0000000640400000| Untracked |  0
| 258|0x0000000640800000, 0x0000000640800000, 0x0000000640c00000|  0%| F|  |TAMS 0x0000000640800000| PB 0x0000000640800000| Untracked |  0
| 259|0x0000000640c00000, 0x0000000640c00000, 0x0000000641000000|  0%| F|  |TAMS 0x0000000640c00000| PB 0x0000000640c00000| Untracked |  0
| 260|0x0000000641000000, 0x0000000641000000, 0x0000000641400000|  0%| F|  |TAMS 0x0000000641000000| PB 0x0000000641000000| Untracked |  0
| 261|0x0000000641400000, 0x0000000641400000, 0x0000000641800000|  0%| F|  |TAMS 0x0000000641400000| PB 0x0000000641400000| Untracked |  0
| 262|0x0000000641800000, 0x0000000641800000, 0x0000000641c00000|  0%| F|  |TAMS 0x0000000641800000| PB 0x0000000641800000| Untracked |  0
| 263|0x0000000641c00000, 0x0000000641c00000, 0x0000000642000000|  0%| F|  |TAMS 0x0000000641c00000| PB 0x0000000641c00000| Untracked |  0
| 264|0x0000000642000000, 0x0000000642000000, 0x0000000642400000|  0%| F|  |TAMS 0x0000000642000000| PB 0x0000000642000000| Untracked |  0
| 265|0x0000000642400000, 0x0000000642400000, 0x0000000642800000|  0%| F|  |TAMS 0x0000000642400000| PB 0x0000000642400000| Untracked |  0
| 266|0x0000000642800000, 0x0000000642800000, 0x0000000642c00000|  0%| F|  |TAMS 0x0000000642800000| PB 0x0000000642800000| Untracked |  0
| 267|0x0000000642c00000, 0x0000000642c00000, 0x0000000643000000|  0%| F|  |TAMS 0x0000000642c00000| PB 0x0000000642c00000| Untracked |  0
| 268|0x0000000643000000, 0x0000000643000000, 0x0000000643400000|  0%| F|  |TAMS 0x0000000643000000| PB 0x0000000643000000| Untracked |  0
| 269|0x0000000643400000, 0x0000000643400000, 0x0000000643800000|  0%| F|  |TAMS 0x0000000643400000| PB 0x0000000643400000| Untracked |  0
| 270|0x0000000643800000, 0x0000000643800000, 0x0000000643c00000|  0%| F|  |TAMS 0x0000000643800000| PB 0x0000000643800000| Untracked |  0
| 271|0x0000000643c00000, 0x0000000643c00000, 0x0000000644000000|  0%| F|  |TAMS 0x0000000643c00000| PB 0x0000000643c00000| Untracked |  0
| 272|0x0000000644000000, 0x0000000644000000, 0x0000000644400000|  0%| F|  |TAMS 0x0000000644000000| PB 0x0000000644000000| Untracked |  0
| 273|0x0000000644400000, 0x0000000644400000, 0x0000000644800000|  0%| F|  |TAMS 0x0000000644400000| PB 0x0000000644400000| Untracked |  0
| 274|0x0000000644800000, 0x0000000644800000, 0x0000000644c00000|  0%| F|  |TAMS 0x0000000644800000| PB 0x0000000644800000| Untracked |  0
| 275|0x0000000644c00000, 0x0000000644c00000, 0x0000000645000000|  0%| F|  |TAMS 0x0000000644c00000| PB 0x0000000644c00000| Untracked |  0
| 276|0x0000000645000000, 0x0000000645000000, 0x0000000645400000|  0%| F|  |TAMS 0x0000000645000000| PB 0x0000000645000000| Untracked |  0
| 277|0x0000000645400000, 0x0000000645400000, 0x0000000645800000|  0%| F|  |TAMS 0x0000000645400000| PB 0x0000000645400000| Untracked |  0
| 278|0x0000000645800000, 0x0000000645800000, 0x0000000645c00000|  0%| F|  |TAMS 0x0000000645800000| PB 0x0000000645800000| Untracked |  0
| 279|0x0000000645c00000, 0x0000000645c00000, 0x0000000646000000|  0%| F|  |TAMS 0x0000000645c00000| PB 0x0000000645c00000| Untracked |  0
| 280|0x0000000646000000, 0x0000000646000000, 0x0000000646400000|  0%| F|  |TAMS 0x0000000646000000| PB 0x0000000646000000| Untracked |  0
| 281|0x0000000646400000, 0x0000000646400000, 0x0000000646800000|  0%| F|  |TAMS 0x0000000646400000| PB 0x0000000646400000| Untracked |  0
| 282|0x0000000646800000, 0x0000000646800000, 0x0000000646c00000|  0%| F|  |TAMS 0x0000000646800000| PB 0x0000000646800000| Untracked |  0
| 283|0x0000000646c00000, 0x0000000646c00000, 0x0000000647000000|  0%| F|  |TAMS 0x0000000646c00000| PB 0x0000000646c00000| Untracked |  0
| 284|0x0000000647000000, 0x0000000647000000, 0x0000000647400000|  0%| F|  |TAMS 0x0000000647000000| PB 0x0000000647000000| Untracked |  0
| 285|0x0000000647400000, 0x0000000647400000, 0x0000000647800000|  0%| F|  |TAMS 0x0000000647400000| PB 0x0000000647400000| Untracked |  0
| 286|0x0000000647800000, 0x0000000647800000, 0x0000000647c00000|  0%| F|  |TAMS 0x0000000647800000| PB 0x0000000647800000| Untracked |  0
| 287|0x0000000647c00000, 0x0000000647c00000, 0x0000000648000000|  0%| F|  |TAMS 0x0000000647c00000| PB 0x0000000647c00000| Untracked |  0
| 288|0x0000000648000000, 0x0000000648000000, 0x0000000648400000|  0%| F|  |TAMS 0x0000000648000000| PB 0x0000000648000000| Untracked |  0
| 289|0x0000000648400000, 0x0000000648400000, 0x0000000648800000|  0%| F|  |TAMS 0x0000000648400000| PB 0x0000000648400000| Untracked |  0
| 290|0x0000000648800000, 0x0000000648a46490, 0x0000000648c00000| 56%| S|CS|TAMS 0x0000000648800000| PB 0x0000000648800000| Complete |  0
| 291|0x0000000648c00000, 0x0000000649000000, 0x0000000649000000|100%| S|CS|TAMS 0x0000000648c00000| PB 0x0000000648c00000| Complete |  0
| 292|0x0000000649000000, 0x0000000649400000, 0x0000000649400000|100%| S|CS|TAMS 0x0000000649000000| PB 0x0000000649000000| Complete |  0
| 293|0x0000000649400000, 0x0000000649800000, 0x0000000649800000|100%| S|CS|TAMS 0x0000000649400000| PB 0x0000000649400000| Complete |  0
| 294|0x0000000649800000, 0x0000000649c00000, 0x0000000649c00000|100%| S|CS|TAMS 0x0000000649800000| PB 0x0000000649800000| Complete |  0
| 295|0x0000000649c00000, 0x000000064a000000, 0x000000064a000000|100%| S|CS|TAMS 0x0000000649c00000| PB 0x0000000649c00000| Complete |  0
| 296|0x000000064a000000, 0x000000064a400000, 0x000000064a400000|100%| S|CS|TAMS 0x000000064a000000| PB 0x000000064a000000| Complete |  0
| 297|0x000000064a400000, 0x000000064a800000, 0x000000064a800000|100%| S|CS|TAMS 0x000000064a400000| PB 0x000000064a400000| Complete |  0
| 298|0x000000064a800000, 0x000000064a800000, 0x000000064ac00000|  0%| F|  |TAMS 0x000000064a800000| PB 0x000000064a800000| Untracked |  0
| 299|0x000000064ac00000, 0x000000064ac00000, 0x000000064b000000|  0%| F|  |TAMS 0x000000064ac00000| PB 0x000000064ac00000| Untracked |  0
| 300|0x000000064b000000, 0x000000064b000000, 0x000000064b400000|  0%| F|  |TAMS 0x000000064b000000| PB 0x000000064b000000| Untracked |  0
| 301|0x000000064b400000, 0x000000064b400000, 0x000000064b800000|  0%| F|  |TAMS 0x000000064b400000| PB 0x000000064b400000| Untracked |  0
| 302|0x000000064b800000, 0x000000064b800000, 0x000000064bc00000|  0%| F|  |TAMS 0x000000064b800000| PB 0x000000064b800000| Untracked |  0
| 303|0x000000064bc00000, 0x000000064bc00000, 0x000000064c000000|  0%| F|  |TAMS 0x000000064bc00000| PB 0x000000064bc00000| Untracked |  0
| 304|0x000000064c000000, 0x000000064c000000, 0x000000064c400000|  0%| F|  |TAMS 0x000000064c000000| PB 0x000000064c000000| Untracked |  0
| 305|0x000000064c400000, 0x000000064c400000, 0x000000064c800000|  0%| F|  |TAMS 0x000000064c400000| PB 0x000000064c400000| Untracked |  0
| 306|0x000000064c800000, 0x000000064c800000, 0x000000064cc00000|  0%| F|  |TAMS 0x000000064c800000| PB 0x000000064c800000| Untracked |  0
| 307|0x000000064cc00000, 0x000000064cc00000, 0x000000064d000000|  0%| F|  |TAMS 0x000000064cc00000| PB 0x000000064cc00000| Untracked |  0
| 308|0x000000064d000000, 0x000000064d000000, 0x000000064d400000|  0%| F|  |TAMS 0x000000064d000000| PB 0x000000064d000000| Untracked |  0
| 309|0x000000064d400000, 0x000000064d400000, 0x000000064d800000|  0%| F|  |TAMS 0x000000064d400000| PB 0x000000064d400000| Untracked |  0
| 310|0x000000064d800000, 0x000000064d800000, 0x000000064dc00000|  0%| F|  |TAMS 0x000000064d800000| PB 0x000000064d800000| Untracked |  0
| 311|0x000000064dc00000, 0x000000064dc00000, 0x000000064e000000|  0%| F|  |TAMS 0x000000064dc00000| PB 0x000000064dc00000| Untracked |  0
| 312|0x000000064e000000, 0x000000064e000000, 0x000000064e400000|  0%| F|  |TAMS 0x000000064e000000| PB 0x000000064e000000| Untracked |  0
| 313|0x000000064e400000, 0x000000064e400000, 0x000000064e800000|  0%| F|  |TAMS 0x000000064e400000| PB 0x000000064e400000| Untracked |  0
| 314|0x000000064e800000, 0x000000064e800000, 0x000000064ec00000|  0%| F|  |TAMS 0x000000064e800000| PB 0x000000064e800000| Untracked |  0
| 315|0x000000064ec00000, 0x000000064ec00000, 0x000000064f000000|  0%| F|  |TAMS 0x000000064ec00000| PB 0x000000064ec00000| Untracked |  0
| 316|0x000000064f000000, 0x000000064f000000, 0x000000064f400000|  0%| F|  |TAMS 0x000000064f000000| PB 0x000000064f000000| Untracked |  0
| 317|0x000000064f400000, 0x000000064f400000, 0x000000064f800000|  0%| F|  |TAMS 0x000000064f400000| PB 0x000000064f400000| Untracked |  0
| 318|0x000000064f800000, 0x000000064f800000, 0x000000064fc00000|  0%| F|  |TAMS 0x000000064f800000| PB 0x000000064f800000| Untracked |  0
| 319|0x000000064fc00000, 0x000000064fc00000, 0x0000000650000000|  0%| F|  |TAMS 0x000000064fc00000| PB 0x000000064fc00000| Untracked |  0
| 320|0x0000000650000000, 0x0000000650000000, 0x0000000650400000|  0%| F|  |TAMS 0x0000000650000000| PB 0x0000000650000000| Untracked |  0
| 321|0x0000000650400000, 0x0000000650400000, 0x0000000650800000|  0%| F|  |TAMS 0x0000000650400000| PB 0x0000000650400000| Untracked |  0
| 322|0x0000000650800000, 0x0000000650800000, 0x0000000650c00000|  0%| F|  |TAMS 0x0000000650800000| PB 0x0000000650800000| Untracked |  0
| 323|0x0000000650c00000, 0x0000000650c00000, 0x0000000651000000|  0%| F|  |TAMS 0x0000000650c00000| PB 0x0000000650c00000| Untracked |  0
| 324|0x0000000651000000, 0x0000000651000000, 0x0000000651400000|  0%| F|  |TAMS 0x0000000651000000| PB 0x0000000651000000| Untracked |  0
| 325|0x0000000651400000, 0x0000000651400000, 0x0000000651800000|  0%| F|  |TAMS 0x0000000651400000| PB 0x0000000651400000| Untracked |  0
| 326|0x0000000651800000, 0x0000000651800000, 0x0000000651c00000|  0%| F|  |TAMS 0x0000000651800000| PB 0x0000000651800000| Untracked |  0
| 327|0x0000000651c00000, 0x0000000651c00000, 0x0000000652000000|  0%| F|  |TAMS 0x0000000651c00000| PB 0x0000000651c00000| Untracked |  0
| 328|0x0000000652000000, 0x0000000652000000, 0x0000000652400000|  0%| F|  |TAMS 0x0000000652000000| PB 0x0000000652000000| Untracked |  0
| 329|0x0000000652400000, 0x0000000652400000, 0x0000000652800000|  0%| F|  |TAMS 0x0000000652400000| PB 0x0000000652400000| Untracked |  0
| 330|0x0000000652800000, 0x0000000652800000, 0x0000000652c00000|  0%| F|  |TAMS 0x0000000652800000| PB 0x0000000652800000| Untracked |  0
| 331|0x0000000652c00000, 0x0000000652c00000, 0x0000000653000000|  0%| F|  |TAMS 0x0000000652c00000| PB 0x0000000652c00000| Untracked |  0
| 332|0x0000000653000000, 0x0000000653000000, 0x0000000653400000|  0%| F|  |TAMS 0x0000000653000000| PB 0x0000000653000000| Untracked |  0
| 333|0x0000000653400000, 0x0000000653400000, 0x0000000653800000|  0%| F|  |TAMS 0x0000000653400000| PB 0x0000000653400000| Untracked |  0
| 334|0x0000000653800000, 0x0000000653800000, 0x0000000653c00000|  0%| F|  |TAMS 0x0000000653800000| PB 0x0000000653800000| Untracked |  0
| 335|0x0000000653c00000, 0x0000000653c00000, 0x0000000654000000|  0%| F|  |TAMS 0x0000000653c00000| PB 0x0000000653c00000| Untracked |  0
| 336|0x0000000654000000, 0x0000000654000000, 0x0000000654400000|  0%| F|  |TAMS 0x0000000654000000| PB 0x0000000654000000| Untracked |  0
| 337|0x0000000654400000, 0x0000000654400000, 0x0000000654800000|  0%| F|  |TAMS 0x0000000654400000| PB 0x0000000654400000| Untracked |  0
| 338|0x0000000654800000, 0x0000000654800000, 0x0000000654c00000|  0%| F|  |TAMS 0x0000000654800000| PB 0x0000000654800000| Untracked |  0
| 339|0x0000000654c00000, 0x0000000654c00000, 0x0000000655000000|  0%| F|  |TAMS 0x0000000654c00000| PB 0x0000000654c00000| Untracked |  0
| 340|0x0000000655000000, 0x0000000655000000, 0x0000000655400000|  0%| F|  |TAMS 0x0000000655000000| PB 0x0000000655000000| Untracked |  0
| 341|0x0000000655400000, 0x0000000655400000, 0x0000000655800000|  0%| F|  |TAMS 0x0000000655400000| PB 0x0000000655400000| Untracked |  0
| 342|0x0000000655800000, 0x0000000655800000, 0x0000000655c00000|  0%| F|  |TAMS 0x0000000655800000| PB 0x0000000655800000| Untracked |  0
| 343|0x0000000655c00000, 0x0000000655c00000, 0x0000000656000000|  0%| F|  |TAMS 0x0000000655c00000| PB 0x0000000655c00000| Untracked |  0
| 344|0x0000000656000000, 0x0000000656000000, 0x0000000656400000|  0%| F|  |TAMS 0x0000000656000000| PB 0x0000000656000000| Untracked |  0
| 345|0x0000000656400000, 0x0000000656400000, 0x0000000656800000|  0%| F|  |TAMS 0x0000000656400000| PB 0x0000000656400000| Untracked |  0
| 346|0x0000000656800000, 0x0000000656800000, 0x0000000656c00000|  0%| F|  |TAMS 0x0000000656800000| PB 0x0000000656800000| Untracked |  0
| 347|0x0000000656c00000, 0x0000000656c00000, 0x0000000657000000|  0%| F|  |TAMS 0x0000000656c00000| PB 0x0000000656c00000| Untracked |  0
| 348|0x0000000657000000, 0x0000000657000000, 0x0000000657400000|  0%| F|  |TAMS 0x0000000657000000| PB 0x0000000657000000| Untracked |  0
| 349|0x0000000657400000, 0x0000000657400000, 0x0000000657800000|  0%| F|  |TAMS 0x0000000657400000| PB 0x0000000657400000| Untracked |  0
| 350|0x0000000657800000, 0x0000000657800000, 0x0000000657c00000|  0%| F|  |TAMS 0x0000000657800000| PB 0x0000000657800000| Untracked |  0
| 351|0x0000000657c00000, 0x0000000657c00000, 0x0000000658000000|  0%| F|  |TAMS 0x0000000657c00000| PB 0x0000000657c00000| Untracked |  0
| 352|0x0000000658000000, 0x0000000658000000, 0x0000000658400000|  0%| F|  |TAMS 0x0000000658000000| PB 0x0000000658000000| Untracked |  0
| 353|0x0000000658400000, 0x0000000658400000, 0x0000000658800000|  0%| F|  |TAMS 0x0000000658400000| PB 0x0000000658400000| Untracked |  0
| 354|0x0000000658800000, 0x0000000658800000, 0x0000000658c00000|  0%| F|  |TAMS 0x0000000658800000| PB 0x0000000658800000| Untracked |  0
| 355|0x0000000658c00000, 0x0000000658c00000, 0x0000000659000000|  0%| F|  |TAMS 0x0000000658c00000| PB 0x0000000658c00000| Untracked |  0
| 356|0x0000000659000000, 0x0000000659000000, 0x0000000659400000|  0%| F|  |TAMS 0x0000000659000000| PB 0x0000000659000000| Untracked |  0
| 357|0x0000000659400000, 0x0000000659400000, 0x0000000659800000|  0%| F|  |TAMS 0x0000000659400000| PB 0x0000000659400000| Untracked |  0
| 358|0x0000000659800000, 0x0000000659800000, 0x0000000659c00000|  0%| F|  |TAMS 0x0000000659800000| PB 0x0000000659800000| Untracked |  0
| 359|0x0000000659c00000, 0x0000000659c00000, 0x000000065a000000|  0%| F|  |TAMS 0x0000000659c00000| PB 0x0000000659c00000| Untracked |  0
| 360|0x000000065a000000, 0x000000065a000000, 0x000000065a400000|  0%| F|  |TAMS 0x000000065a000000| PB 0x000000065a000000| Untracked |  0
| 361|0x000000065a400000, 0x000000065a400000, 0x000000065a800000|  0%| F|  |TAMS 0x000000065a400000| PB 0x000000065a400000| Untracked |  0
| 362|0x000000065a800000, 0x000000065a800000, 0x000000065ac00000|  0%| F|  |TAMS 0x000000065a800000| PB 0x000000065a800000| Untracked |  0
| 363|0x000000065ac00000, 0x000000065ac00000, 0x000000065b000000|  0%| F|  |TAMS 0x000000065ac00000| PB 0x000000065ac00000| Untracked |  0
| 364|0x000000065b000000, 0x000000065b000000, 0x000000065b400000|  0%| F|  |TAMS 0x000000065b000000| PB 0x000000065b000000| Untracked |  0
| 365|0x000000065b400000, 0x000000065b400000, 0x000000065b800000|  0%| F|  |TAMS 0x000000065b400000| PB 0x000000065b400000| Untracked |  0
| 366|0x000000065b800000, 0x000000065b800000, 0x000000065bc00000|  0%| F|  |TAMS 0x000000065b800000| PB 0x000000065b800000| Untracked |  0
| 367|0x000000065bc00000, 0x000000065bc00000, 0x000000065c000000|  0%| F|  |TAMS 0x000000065bc00000| PB 0x000000065bc00000| Untracked |  0
| 368|0x000000065c000000, 0x000000065c000000, 0x000000065c400000|  0%| F|  |TAMS 0x000000065c000000| PB 0x000000065c000000| Untracked |  0
| 369|0x000000065c400000, 0x000000065c400000, 0x000000065c800000|  0%| F|  |TAMS 0x000000065c400000| PB 0x000000065c400000| Untracked |  0
| 370|0x000000065c800000, 0x000000065c800000, 0x000000065cc00000|  0%| F|  |TAMS 0x000000065c800000| PB 0x000000065c800000| Untracked |  0
| 371|0x000000065cc00000, 0x000000065cc00000, 0x000000065d000000|  0%| F|  |TAMS 0x000000065cc00000| PB 0x000000065cc00000| Untracked |  0
| 372|0x000000065d000000, 0x000000065d000000, 0x000000065d400000|  0%| F|  |TAMS 0x000000065d000000| PB 0x000000065d000000| Untracked |  0
| 373|0x000000065d400000, 0x000000065d400000, 0x000000065d800000|  0%| F|  |TAMS 0x000000065d400000| PB 0x000000065d400000| Untracked |  0
| 374|0x000000065d800000, 0x000000065d800000, 0x000000065dc00000|  0%| F|  |TAMS 0x000000065d800000| PB 0x000000065d800000| Untracked |  0
| 375|0x000000065dc00000, 0x000000065dc00000, 0x000000065e000000|  0%| F|  |TAMS 0x000000065dc00000| PB 0x000000065dc00000| Untracked |  0
| 376|0x000000065e000000, 0x000000065e000000, 0x000000065e400000|  0%| F|  |TAMS 0x000000065e000000| PB 0x000000065e000000| Untracked |  0
| 377|0x000000065e400000, 0x000000065e400000, 0x000000065e800000|  0%| F|  |TAMS 0x000000065e400000| PB 0x000000065e400000| Untracked |  0
| 378|0x000000065e800000, 0x000000065e800000, 0x000000065ec00000|  0%| F|  |TAMS 0x000000065e800000| PB 0x000000065e800000| Untracked |  0
| 379|0x000000065ec00000, 0x000000065ec00000, 0x000000065f000000|  0%| F|  |TAMS 0x000000065ec00000| PB 0x000000065ec00000| Untracked |  0
| 380|0x000000065f000000, 0x000000065f000000, 0x000000065f400000|  0%| F|  |TAMS 0x000000065f000000| PB 0x000000065f000000| Untracked |  0
| 381|0x000000065f400000, 0x000000065f400000, 0x000000065f800000|  0%| F|  |TAMS 0x000000065f400000| PB 0x000000065f400000| Untracked |  0
| 382|0x000000065f800000, 0x000000065f800000, 0x000000065fc00000|  0%| F|  |TAMS 0x000000065f800000| PB 0x000000065f800000| Untracked |  0
| 383|0x000000065fc00000, 0x000000065fc00000, 0x0000000660000000|  0%| F|  |TAMS 0x000000065fc00000| PB 0x000000065fc00000| Untracked |  0
| 384|0x0000000660000000, 0x0000000660000000, 0x0000000660400000|  0%| F|  |TAMS 0x0000000660000000| PB 0x0000000660000000| Untracked |  0
| 385|0x0000000660400000, 0x0000000660400000, 0x0000000660800000|  0%| F|  |TAMS 0x0000000660400000| PB 0x0000000660400000| Untracked |  0
| 386|0x0000000660800000, 0x0000000660800000, 0x0000000660c00000|  0%| F|  |TAMS 0x0000000660800000| PB 0x0000000660800000| Untracked |  0
| 387|0x0000000660c00000, 0x0000000660c00000, 0x0000000661000000|  0%| F|  |TAMS 0x0000000660c00000| PB 0x0000000660c00000| Untracked |  0
| 388|0x0000000661000000, 0x0000000661000000, 0x0000000661400000|  0%| F|  |TAMS 0x0000000661000000| PB 0x0000000661000000| Untracked |  0
| 389|0x0000000661400000, 0x0000000661400000, 0x0000000661800000|  0%| F|  |TAMS 0x0000000661400000| PB 0x0000000661400000| Untracked |  0
| 390|0x0000000661800000, 0x0000000661800000, 0x0000000661c00000|  0%| F|  |TAMS 0x0000000661800000| PB 0x0000000661800000| Untracked |  0
| 391|0x0000000661c00000, 0x0000000661c00000, 0x0000000662000000|  0%| F|  |TAMS 0x0000000661c00000| PB 0x0000000661c00000| Untracked |  0
| 392|0x0000000662000000, 0x0000000662000000, 0x0000000662400000|  0%| F|  |TAMS 0x0000000662000000| PB 0x0000000662000000| Untracked |  0
| 393|0x0000000662400000, 0x0000000662400000, 0x0000000662800000|  0%| F|  |TAMS 0x0000000662400000| PB 0x0000000662400000| Untracked |  0
| 394|0x0000000662800000, 0x0000000662800000, 0x0000000662c00000|  0%| F|  |TAMS 0x0000000662800000| PB 0x0000000662800000| Untracked |  0
| 395|0x0000000662c00000, 0x0000000662c00000, 0x0000000663000000|  0%| F|  |TAMS 0x0000000662c00000| PB 0x0000000662c00000| Untracked |  0
| 396|0x0000000663000000, 0x0000000663000000, 0x0000000663400000|  0%| F|  |TAMS 0x0000000663000000| PB 0x0000000663000000| Untracked |  0
| 397|0x0000000663400000, 0x0000000663400000, 0x0000000663800000|  0%| F|  |TAMS 0x0000000663400000| PB 0x0000000663400000| Untracked |  0
| 398|0x0000000663800000, 0x0000000663800000, 0x0000000663c00000|  0%| F|  |TAMS 0x0000000663800000| PB 0x0000000663800000| Untracked |  0
| 399|0x0000000663c00000, 0x0000000663c00000, 0x0000000664000000|  0%| F|  |TAMS 0x0000000663c00000| PB 0x0000000663c00000| Untracked |  0
| 400|0x0000000664000000, 0x0000000664000000, 0x0000000664400000|  0%| F|  |TAMS 0x0000000664000000| PB 0x0000000664000000| Untracked |  0
| 401|0x0000000664400000, 0x0000000664400000, 0x0000000664800000|  0%| F|  |TAMS 0x0000000664400000| PB 0x0000000664400000| Untracked |  0
| 402|0x0000000664800000, 0x0000000664800000, 0x0000000664c00000|  0%| F|  |TAMS 0x0000000664800000| PB 0x0000000664800000| Untracked |  0
| 403|0x0000000664c00000, 0x0000000664c00000, 0x0000000665000000|  0%| F|  |TAMS 0x0000000664c00000| PB 0x0000000664c00000| Untracked |  0
| 404|0x0000000665000000, 0x0000000665000000, 0x0000000665400000|  0%| F|  |TAMS 0x0000000665000000| PB 0x0000000665000000| Untracked |  0
| 405|0x0000000665400000, 0x0000000665400000, 0x0000000665800000|  0%| F|  |TAMS 0x0000000665400000| PB 0x0000000665400000| Untracked |  0
| 406|0x0000000665800000, 0x0000000665800000, 0x0000000665c00000|  0%| F|  |TAMS 0x0000000665800000| PB 0x0000000665800000| Untracked |  0
| 407|0x0000000665c00000, 0x0000000665c00000, 0x0000000666000000|  0%| F|  |TAMS 0x0000000665c00000| PB 0x0000000665c00000| Untracked |  0
| 408|0x0000000666000000, 0x0000000666000000, 0x0000000666400000|  0%| F|  |TAMS 0x0000000666000000| PB 0x0000000666000000| Untracked |  0
| 409|0x0000000666400000, 0x0000000666400000, 0x0000000666800000|  0%| F|  |TAMS 0x0000000666400000| PB 0x0000000666400000| Untracked |  0
| 410|0x0000000666800000, 0x0000000666800000, 0x0000000666c00000|  0%| F|  |TAMS 0x0000000666800000| PB 0x0000000666800000| Untracked |  0
| 411|0x0000000666c00000, 0x0000000666c00000, 0x0000000667000000|  0%| F|  |TAMS 0x0000000666c00000| PB 0x0000000666c00000| Untracked |  0
| 412|0x0000000667000000, 0x0000000667000000, 0x0000000667400000|  0%| F|  |TAMS 0x0000000667000000| PB 0x0000000667000000| Untracked |  0
| 413|0x0000000667400000, 0x0000000667400000, 0x0000000667800000|  0%| F|  |TAMS 0x0000000667400000| PB 0x0000000667400000| Untracked |  0
| 414|0x0000000667800000, 0x0000000667800000, 0x0000000667c00000|  0%| F|  |TAMS 0x0000000667800000| PB 0x0000000667800000| Untracked |  0
| 415|0x0000000667c00000, 0x0000000667c00000, 0x0000000668000000|  0%| F|  |TAMS 0x0000000667c00000| PB 0x0000000667c00000| Untracked |  0
| 416|0x0000000668000000, 0x0000000668000000, 0x0000000668400000|  0%| F|  |TAMS 0x0000000668000000| PB 0x0000000668000000| Untracked |  0
| 417|0x0000000668400000, 0x0000000668400000, 0x0000000668800000|  0%| F|  |TAMS 0x0000000668400000| PB 0x0000000668400000| Untracked |  0
| 418|0x0000000668800000, 0x0000000668800000, 0x0000000668c00000|  0%| F|  |TAMS 0x0000000668800000| PB 0x0000000668800000| Untracked |  0
| 419|0x0000000668c00000, 0x0000000668c00000, 0x0000000669000000|  0%| F|  |TAMS 0x0000000668c00000| PB 0x0000000668c00000| Untracked |  0
| 420|0x0000000669000000, 0x0000000669000000, 0x0000000669400000|  0%| F|  |TAMS 0x0000000669000000| PB 0x0000000669000000| Untracked |  0
| 421|0x0000000669400000, 0x0000000669400000, 0x0000000669800000|  0%| F|  |TAMS 0x0000000669400000| PB 0x0000000669400000| Untracked |  0
| 422|0x0000000669800000, 0x0000000669800000, 0x0000000669c00000|  0%| F|  |TAMS 0x0000000669800000| PB 0x0000000669800000| Untracked |  0
| 423|0x0000000669c00000, 0x0000000669c00000, 0x000000066a000000|  0%| F|  |TAMS 0x0000000669c00000| PB 0x0000000669c00000| Untracked |  0
| 424|0x000000066a000000, 0x000000066a000000, 0x000000066a400000|  0%| F|  |TAMS 0x000000066a000000| PB 0x000000066a000000| Untracked |  0
| 425|0x000000066a400000, 0x000000066a400000, 0x000000066a800000|  0%| F|  |TAMS 0x000000066a400000| PB 0x000000066a400000| Untracked |  0
| 426|0x000000066a800000, 0x000000066a800000, 0x000000066ac00000|  0%| F|  |TAMS 0x000000066a800000| PB 0x000000066a800000| Untracked |  0
| 427|0x000000066ac00000, 0x000000066ac00000, 0x000000066b000000|  0%| F|  |TAMS 0x000000066ac00000| PB 0x000000066ac00000| Untracked |  0
| 428|0x000000066b000000, 0x000000066b000000, 0x000000066b400000|  0%| F|  |TAMS 0x000000066b000000| PB 0x000000066b000000| Untracked |  0
| 429|0x000000066b400000, 0x000000066b400000, 0x000000066b800000|  0%| F|  |TAMS 0x000000066b400000| PB 0x000000066b400000| Untracked |  0
| 430|0x000000066b800000, 0x000000066b800000, 0x000000066bc00000|  0%| F|  |TAMS 0x000000066b800000| PB 0x000000066b800000| Untracked |  0
| 431|0x000000066bc00000, 0x000000066bc00000, 0x000000066c000000|  0%| F|  |TAMS 0x000000066bc00000| PB 0x000000066bc00000| Untracked |  0
| 432|0x000000066c000000, 0x000000066c000000, 0x000000066c400000|  0%| F|  |TAMS 0x000000066c000000| PB 0x000000066c000000| Untracked |  0
| 433|0x000000066c400000, 0x000000066c400000, 0x000000066c800000|  0%| F|  |TAMS 0x000000066c400000| PB 0x000000066c400000| Untracked |  0
| 434|0x000000066c800000, 0x000000066c800000, 0x000000066cc00000|  0%| F|  |TAMS 0x000000066c800000| PB 0x000000066c800000| Untracked |  0
| 435|0x000000066cc00000, 0x000000066cc00000, 0x000000066d000000|  0%| F|  |TAMS 0x000000066cc00000| PB 0x000000066cc00000| Untracked |  0
| 436|0x000000066d000000, 0x000000066d000000, 0x000000066d400000|  0%| F|  |TAMS 0x000000066d000000| PB 0x000000066d000000| Untracked |  0
| 437|0x000000066d400000, 0x000000066d400000, 0x000000066d800000|  0%| F|  |TAMS 0x000000066d400000| PB 0x000000066d400000| Untracked |  0
| 438|0x000000066d800000, 0x000000066d800000, 0x000000066dc00000|  0%| F|  |TAMS 0x000000066d800000| PB 0x000000066d800000| Untracked |  0
| 439|0x000000066dc00000, 0x000000066dc00000, 0x000000066e000000|  0%| F|  |TAMS 0x000000066dc00000| PB 0x000000066dc00000| Untracked |  0
| 440|0x000000066e000000, 0x000000066e000000, 0x000000066e400000|  0%| F|  |TAMS 0x000000066e000000| PB 0x000000066e000000| Untracked |  0
| 441|0x000000066e400000, 0x000000066e400000, 0x000000066e800000|  0%| F|  |TAMS 0x000000066e400000| PB 0x000000066e400000| Untracked |  0
| 442|0x000000066e800000, 0x000000066e800000, 0x000000066ec00000|  0%| F|  |TAMS 0x000000066e800000| PB 0x000000066e800000| Untracked |  0
| 443|0x000000066ec00000, 0x000000066ec00000, 0x000000066f000000|  0%| F|  |TAMS 0x000000066ec00000| PB 0x000000066ec00000| Untracked |  0
| 444|0x000000066f000000, 0x000000066f000000, 0x000000066f400000|  0%| F|  |TAMS 0x000000066f000000| PB 0x000000066f000000| Untracked |  0
| 445|0x000000066f400000, 0x000000066f400000, 0x000000066f800000|  0%| F|  |TAMS 0x000000066f400000| PB 0x000000066f400000| Untracked |  0
| 446|0x000000066f800000, 0x000000066f800000, 0x000000066fc00000|  0%| F|  |TAMS 0x000000066f800000| PB 0x000000066f800000| Untracked |  0
| 447|0x000000066fc00000, 0x000000066fc00000, 0x0000000670000000|  0%| F|  |TAMS 0x000000066fc00000| PB 0x000000066fc00000| Untracked |  0
| 448|0x0000000670000000, 0x0000000670000000, 0x0000000670400000|  0%| F|  |TAMS 0x0000000670000000| PB 0x0000000670000000| Untracked |  0
| 449|0x0000000670400000, 0x0000000670400000, 0x0000000670800000|  0%| F|  |TAMS 0x0000000670400000| PB 0x0000000670400000| Untracked |  0
| 450|0x0000000670800000, 0x0000000670800000, 0x0000000670c00000|  0%| F|  |TAMS 0x0000000670800000| PB 0x0000000670800000| Untracked |  0
| 451|0x0000000670c00000, 0x0000000670c00000, 0x0000000671000000|  0%| F|  |TAMS 0x0000000670c00000| PB 0x0000000670c00000| Untracked |  0
| 452|0x0000000671000000, 0x0000000671000000, 0x0000000671400000|  0%| F|  |TAMS 0x0000000671000000| PB 0x0000000671000000| Untracked |  0
| 453|0x0000000671400000, 0x0000000671400000, 0x0000000671800000|  0%| F|  |TAMS 0x0000000671400000| PB 0x0000000671400000| Untracked |  0
| 454|0x0000000671800000, 0x0000000671800000, 0x0000000671c00000|  0%| F|  |TAMS 0x0000000671800000| PB 0x0000000671800000| Untracked |  0
| 455|0x0000000671c00000, 0x0000000671c00000, 0x0000000672000000|  0%| F|  |TAMS 0x0000000671c00000| PB 0x0000000671c00000| Untracked |  0
| 456|0x0000000672000000, 0x0000000672000000, 0x0000000672400000|  0%| F|  |TAMS 0x0000000672000000| PB 0x0000000672000000| Untracked |  0
| 457|0x0000000672400000, 0x0000000672400000, 0x0000000672800000|  0%| F|  |TAMS 0x0000000672400000| PB 0x0000000672400000| Untracked |  0
| 458|0x0000000672800000, 0x0000000672800000, 0x0000000672c00000|  0%| F|  |TAMS 0x0000000672800000| PB 0x0000000672800000| Untracked |  0
| 459|0x0000000672c00000, 0x0000000672c00000, 0x0000000673000000|  0%| F|  |TAMS 0x0000000672c00000| PB 0x0000000672c00000| Untracked |  0
| 460|0x0000000673000000, 0x0000000673000000, 0x0000000673400000|  0%| F|  |TAMS 0x0000000673000000| PB 0x0000000673000000| Untracked |  0
| 461|0x0000000673400000, 0x0000000673400000, 0x0000000673800000|  0%| F|  |TAMS 0x0000000673400000| PB 0x0000000673400000| Untracked |  0
| 462|0x0000000673800000, 0x0000000673800000, 0x0000000673c00000|  0%| F|  |TAMS 0x0000000673800000| PB 0x0000000673800000| Untracked |  0
| 463|0x0000000673c00000, 0x0000000673c00000, 0x0000000674000000|  0%| F|  |TAMS 0x0000000673c00000| PB 0x0000000673c00000| Untracked |  0
| 464|0x0000000674000000, 0x0000000674000000, 0x0000000674400000|  0%| F|  |TAMS 0x0000000674000000| PB 0x0000000674000000| Untracked |  0
| 465|0x0000000674400000, 0x0000000674400000, 0x0000000674800000|  0%| F|  |TAMS 0x0000000674400000| PB 0x0000000674400000| Untracked |  0
| 466|0x0000000674800000, 0x0000000674800000, 0x0000000674c00000|  0%| F|  |TAMS 0x0000000674800000| PB 0x0000000674800000| Untracked |  0
|2047|0x00000007ffc00000, 0x00000007ffc00000, 0x0000000800000000|  0%| F|  |TAMS 0x00000007ffc00000| PB 0x00000007ffc00000| Untracked |  0

Card table byte_map: [0x000001d5de260000,0x000001d5df260000] _byte_map_base: 0x000001d5db260000

Marking Bits: (CMBitMap*) 0x000001d5b456f8e0
 Bits: [0x000001d5df260000, 0x000001d5e7260000)

Polling page: 0x000001d5b24a0000

Metaspace:

Usage:
  Non-class:    117.52 MB used.
      Class:     19.58 MB used.
       Both:    137.10 MB used.

Virtual space:
  Non-class space:      128.00 MB reserved,     119.00 MB ( 93%) committed,  2 nodes.
      Class space:        1.00 GB reserved,      20.88 MB (  2%) committed,  1 nodes.
             Both:        1.12 GB reserved,     139.88 MB ( 12%) committed. 

Chunk freelists:
   Non-Class:  8.14 MB
       Class:  10.99 MB
        Both:  19.13 MB

MaxMetaspaceSize: 4.00 GB
CompressedClassSpaceSize: 1.00 GB
Initial GC threshold: 21.00 MB
Current GC threshold: 233.12 MB
CDS: on
 - commit_granule_bytes: 65536.
 - commit_granule_words: 8192.
 - virtual_space_node_default_size: 8388608.
 - enlarge_chunks_in_place: 1.
 - use_allocation_guard: 0.


Internal statistics:

num_allocs_failed_limit: 6.
num_arena_births: 4684.
num_arena_deaths: 20.
num_vsnodes_births: 3.
num_vsnodes_deaths: 0.
num_space_committed: 2237.
num_space_uncommitted: 0.
num_chunks_returned_to_freelist: 32.
num_chunks_taken_from_freelist: 10771.
num_chunk_merges: 12.
num_chunk_splits: 7235.
num_chunks_enlarged: 4938.
num_inconsistent_stats: 0.

CodeHeap 'non-profiled nmethods': size=259328Kb used=19747Kb max_used=19820Kb free=239580Kb
 bounds [0x000001d5cceb0000, 0x000001d5ce240000, 0x000001d5dcbf0000]
CodeHeap 'profiled nmethods': size=259264Kb used=33323Kb max_used=35323Kb free=225940Kb
 bounds [0x000001d5bcbf0000, 0x000001d5bef10000, 0x000001d5cc920000]
CodeHeap 'non-nmethods': size=5696Kb used=3286Kb max_used=3387Kb free=2410Kb
 bounds [0x000001d5cc920000, 0x000001d5ccc90000, 0x000001d5cceb0000]
CodeCache: size=524288Kb, used=56356Kb, max_used=58530Kb, free=467930Kb
 total_blobs=24405, nmethods=23295, adapters=1011, full_count=0
Compilation: enabled, stopped_count=0, restarted_count=0

Compilation events (20 events):
Event: 212.963 Thread 0x000001d5e742d800 32324       2       com.android.tools.r8.graph.j::b (81 bytes)
Event: 212.966 Thread 0x000001d5e742d800 nmethod 32324 0x000001d5bce68688 code [0x000001d5bce68820, 0x000001d5bce68d50]
Event: 213.133 Thread 0x000001d5e741d440 nmethod 32214 0x000001d5cda2d808 code [0x000001d5cda2dee0, 0x000001d5cda31dd0]
Event: 213.135 Thread 0x000001d5e741d440 32323       4       com.android.tools.r8.internal.vd::a (4363 bytes)
Event: 213.481 Thread 0x000001d5e742d800 32325 %     3       com.android.tools.r8.internal.oA::a @ 393 (2753 bytes)
Event: 213.541 Thread 0x000001d5e742d800 nmethod 32325% 0x000001d5bee81c88 code [0x000001d5bee83a80, 0x000001d5bee99d70]
Event: 213.548 Thread 0x000001d5e742d800 32326       3       com.android.tools.r8.internal.oA::a (2753 bytes)
Event: 213.590 Thread 0x000001d5e742d800 nmethod 32326 0x000001d5be685f08 code [0x000001d5be687d40, 0x000001d5be69e060]
Event: 213.650 Thread 0x000001d5e742d800 32327 %     3       com.android.tools.r8.internal.oA::a @ 2010 (2753 bytes)
Event: 213.729 Thread 0x000001d5e742d800 nmethod 32327% 0x000001d5bedfcc08 code [0x000001d5bedfea00, 0x000001d5bee14cc8]
Event: 213.730 Thread 0x000001d5e742d800 32328       2       com.android.tools.r8.internal.F1$$Lambda/0x000001d5ec3ecdc0::apply (15 bytes)
Event: 213.731 Thread 0x000001d5e742d800 nmethod 32328 0x000001d5be868188 code [0x000001d5be8682a0, 0x000001d5be868448]
Event: 213.731 Thread 0x000001d5e742d800 32329       2       com.android.tools.r8.internal.gP::<init> (10 bytes)
Event: 213.731 Thread 0x000001d5e742d800 nmethod 32329 0x000001d5be904388 code [0x000001d5be9044a0, 0x000001d5be9045a8]
Event: 214.056 Thread 0x000001d5e742d800 32331 %     3       com.android.tools.r8.internal.Vz::a @ 96 (583 bytes)
Event: 214.065 Thread 0x000001d5e742d800 nmethod 32331% 0x000001d5be8a6088 code [0x000001d5be8a6560, 0x000001d5be8a9550]
Event: 214.075 Thread 0x000001d5e742d800 32332       2       com.android.tools.r8.internal.B20::a (35 bytes)
Event: 214.076 Thread 0x000001d5e742d800 nmethod 32332 0x000001d5bcf56a08 code [0x000001d5bcf56b60, 0x000001d5bcf56e60]
Event: 214.169 Thread 0x000001d5e742d800 32334       2       com.android.tools.r8.ir.optimize.f::a (40 bytes)
Event: 214.170 Thread 0x000001d5e742d800 nmethod 32334 0x000001d5be908688 code [0x000001d5be9087a0, 0x000001d5be908910]

GC Heap History (20 events):
Event: 188.855 GC heap after
{Heap after GC invocations=107 (full 0):
 garbage-first heap   total reserved 8388608K, committed 1163264K, used 332387K [0x0000000600000000, 0x0000000800000000)
  region size 4096K, 10 young (40960K), 10 survivors (40960K)
 Metaspace       used 140236K, committed 143104K, reserved 1179648K
  class space    used 20039K, committed 21376K, reserved 1048576K
}
Event: 195.164 GC heap before
{Heap before GC invocations=107 (full 0):
 garbage-first heap   total reserved 8388608K, committed 1163264K, used 967267K [0x0000000600000000, 0x0000000800000000)
  region size 4096K, 165 young (675840K), 10 survivors (40960K)
 Metaspace       used 140278K, committed 143168K, reserved 1179648K
  class space    used 20041K, committed 21376K, reserved 1048576K
}
Event: 195.516 GC heap after
{Heap after GC invocations=108 (full 0):
 garbage-first heap   total reserved 8388608K, committed 1163264K, used 300478K [0x0000000600000000, 0x0000000800000000)
  region size 4096K, 4 young (16384K), 4 survivors (16384K)
 Metaspace       used 140278K, committed 143168K, reserved 1179648K
  class space    used 20041K, committed 21376K, reserved 1048576K
}
Event: 201.265 GC heap before
{Heap before GC invocations=108 (full 0):
 garbage-first heap   total reserved 8388608K, committed 1163264K, used 972222K [0x0000000600000000, 0x0000000800000000)
  region size 4096K, 169 young (692224K), 4 survivors (16384K)
 Metaspace       used 140335K, committed 143232K, reserved 1179648K
  class space    used 20041K, committed 21376K, reserved 1048576K
}
Event: 201.486 GC heap after
{Heap after GC invocations=109 (full 0):
 garbage-first heap   total reserved 8388608K, committed 1163264K, used 365149K [0x0000000600000000, 0x0000000800000000)
  region size 4096K, 20 young (81920K), 20 survivors (81920K)
 Metaspace       used 140335K, committed 143232K, reserved 1179648K
  class space    used 20041K, committed 21376K, reserved 1048576K
}
Event: 203.339 GC heap before
{Heap before GC invocations=109 (full 0):
 garbage-first heap   total reserved 8388608K, committed 1163264K, used 787037K [0x0000000600000000, 0x0000000800000000)
  region size 4096K, 124 young (507904K), 20 survivors (81920K)
 Metaspace       used 140352K, committed 143232K, reserved 1179648K
  class space    used 20043K, committed 21376K, reserved 1048576K
}
Event: 203.594 GC heap after
{Heap after GC invocations=110 (full 0):
 garbage-first heap   total reserved 8388608K, committed 1163264K, used 389382K [0x0000000600000000, 0x0000000800000000)
  region size 4096K, 9 young (36864K), 9 survivors (36864K)
 Metaspace       used 140352K, committed 143232K, reserved 1179648K
  class space    used 20043K, committed 21376K, reserved 1048576K
}
Event: 205.773 GC heap before
{Heap before GC invocations=110 (full 0):
 garbage-first heap   total reserved 8388608K, committed 1163264K, used 925958K [0x0000000600000000, 0x0000000800000000)
  region size 4096K, 140 young (573440K), 9 survivors (36864K)
 Metaspace       used 140355K, committed 143232K, reserved 1179648K
  class space    used 20043K, committed 21376K, reserved 1048576K
}
Event: 205.889 GC heap after
{Heap after GC invocations=111 (full 0):
 garbage-first heap   total reserved 8388608K, committed 1163264K, used 405138K [0x0000000600000000, 0x0000000800000000)
  region size 4096K, 14 young (57344K), 14 survivors (57344K)
 Metaspace       used 140355K, committed 143232K, reserved 1179648K
  class space    used 20043K, committed 21376K, reserved 1048576K
}
Event: 209.504 GC heap before
{Heap before GC invocations=112 (full 0):
 garbage-first heap   total reserved 8388608K, committed 1163264K, used 896658K [0x0000000600000000, 0x0000000800000000)
  region size 4096K, 135 young (552960K), 14 survivors (57344K)
 Metaspace       used 140369K, committed 143232K, reserved 1179648K
  class space    used 20044K, committed 21376K, reserved 1048576K
}
Event: 209.658 GC heap after
{Heap after GC invocations=113 (full 0):
 garbage-first heap   total reserved 8388608K, committed 1163264K, used 418240K [0x0000000600000000, 0x0000000800000000)
  region size 4096K, 11 young (45056K), 11 survivors (45056K)
 Metaspace       used 140369K, committed 143232K, reserved 1179648K
  class space    used 20044K, committed 21376K, reserved 1048576K
}
Event: 209.669 GC heap before
{Heap before GC invocations=113 (full 0):
 garbage-first heap   total reserved 8388608K, committed 1163264K, used 430528K [0x0000000600000000, 0x0000000800000000)
  region size 4096K, 14 young (57344K), 11 survivors (45056K)
 Metaspace       used 140369K, committed 143232K, reserved 1179648K
  class space    used 20044K, committed 21376K, reserved 1048576K
}
Event: 209.818 GC heap after
{Heap after GC invocations=114 (full 0):
 garbage-first heap   total reserved 8388608K, committed 1916928K, used 420012K [0x0000000600000000, 0x0000000800000000)
  region size 4096K, 2 young (8192K), 2 survivors (8192K)
 Metaspace       used 140369K, committed 143232K, reserved 1179648K
  class space    used 20044K, committed 21376K, reserved 1048576K
}
Event: 210.326 GC heap before
{Heap before GC invocations=114 (full 0):
 garbage-first heap   total reserved 8388608K, committed 1916928K, used 501932K [0x0000000600000000, 0x0000000800000000)
  region size 4096K, 23 young (94208K), 2 survivors (8192K)
 Metaspace       used 140371K, committed 143232K, reserved 1179648K
  class space    used 20044K, committed 21376K, reserved 1048576K
}
Event: 210.436 GC heap after
{Heap after GC invocations=115 (full 0):
 garbage-first heap   total reserved 8388608K, committed 1916928K, used 418851K [0x0000000600000000, 0x0000000800000000)
  region size 4096K, 2 young (8192K), 2 survivors (8192K)
 Metaspace       used 140371K, committed 143232K, reserved 1179648K
  class space    used 20044K, committed 21376K, reserved 1048576K
}
Event: 210.617 GC heap before
{Heap before GC invocations=115 (full 0):
 garbage-first heap   total reserved 8388608K, committed 1916928K, used 504867K [0x0000000600000000, 0x0000000800000000)
  region size 4096K, 23 young (94208K), 2 survivors (8192K)
 Metaspace       used 140372K, committed 143232K, reserved 1179648K
  class space    used 20044K, committed 21376K, reserved 1048576K
}
Event: 210.676 GC heap after
{Heap after GC invocations=116 (full 0):
 garbage-first heap   total reserved 8388608K, committed 1916928K, used 424903K [0x0000000600000000, 0x0000000800000000)
  region size 4096K, 3 young (12288K), 3 survivors (12288K)
 Metaspace       used 140372K, committed 143232K, reserved 1179648K
  class space    used 20044K, committed 21376K, reserved 1048576K
}
Event: 210.859 GC heap before
{Heap before GC invocations=116 (full 0):
 garbage-first heap   total reserved 8388608K, committed 1916928K, used 506823K [0x0000000600000000, 0x0000000800000000)
  region size 4096K, 23 young (94208K), 3 survivors (12288K)
 Metaspace       used 140373K, committed 143232K, reserved 1179648K
  class space    used 20044K, committed 21376K, reserved 1048576K
}
Event: 210.941 GC heap after
{Heap after GC invocations=117 (full 0):
 garbage-first heap   total reserved 8388608K, committed 1916928K, used 420667K [0x0000000600000000, 0x0000000800000000)
  region size 4096K, 3 young (12288K), 3 survivors (12288K)
 Metaspace       used 140373K, committed 143232K, reserved 1179648K
  class space    used 20044K, committed 21376K, reserved 1048576K
}
Event: 214.762 GC heap before
{Heap before GC invocations=117 (full 0):
 garbage-first heap   total reserved 8388608K, committed 1916928K, used 1104699K [0x0000000600000000, 0x0000000800000000)
  region size 4096K, 170 young (696320K), 3 survivors (12288K)
 Metaspace       used 140390K, committed 143232K, reserved 1179648K
  class space    used 20045K, committed 21376K, reserved 1048576K
}

Dll operation events (17 events):
Event: 0.049 Loaded shared library C:\Program Files\Java\jdk-23\bin\java.dll
Event: 0.182 Loaded shared library C:\Program Files\Java\jdk-23\bin\jsvml.dll
Event: 0.588 Loaded shared library C:\Program Files\Java\jdk-23\bin\zip.dll
Event: 0.600 Loaded shared library C:\Program Files\Java\jdk-23\bin\instrument.dll
Event: 0.611 Loaded shared library C:\Program Files\Java\jdk-23\bin\net.dll
Event: 0.616 Loaded shared library C:\Program Files\Java\jdk-23\bin\nio.dll
Event: 0.655 Loaded shared library C:\Program Files\Java\jdk-23\bin\zip.dll
Event: 1.801 Loaded shared library C:\Program Files\Java\jdk-23\bin\jimage.dll
Event: 2.316 Loaded shared library C:\Program Files\Java\jdk-23\bin\verify.dll
Event: 2.719 Loaded shared library C:\Users\User\.gradle\native\c067742578af261105cb4f569cf0c3c89f3d7b1fecec35dd04571415982c5e48\windows-amd64\native-platform.dll
Event: 2.746 Loaded shared library C:\Users\User\.gradle\native\100fb08df4bc3b14c8652ba06237920a3bd2aa13389f12d3474272988ae205f9\windows-amd64\native-platform-file-events.dll
Event: 6.149 Loaded shared library C:\Program Files\Java\jdk-23\bin\management.dll
Event: 6.158 Loaded shared library C:\Program Files\Java\jdk-23\bin\management_ext.dll
Event: 6.679 Loaded shared library C:\Program Files\Java\jdk-23\bin\extnet.dll
Event: 7.052 Loaded shared library C:\Program Files\Java\jdk-23\bin\sunmscapi.dll
Event: 93.871 Loaded shared library C:\Users\User\AppData\Local\Temp\native-platform14141478008030591121dir\native-platform.dll
Event: 99.530 Loaded shared library C:\Program Files\Java\jdk-23\bin\rmi.dll

Deoptimization events (20 events):
Event: 212.819 Thread 0x000001d633cf2190 Uncommon trap: trap_request=0xffffffbe fr.pc=0x000001d5ce22ce10 relative=0x000000000000a7b0
Event: 212.819 Thread 0x000001d633cf2190 Uncommon trap: reason=profile_predicate action=maybe_recompile pc=0x000001d5ce22ce10 method=com.android.tools.r8.internal.vd.a(Lcom/android/tools/r8/internal/Gd;[Lcom/android/tools/r8/internal/I4;I)V @ 2512 c2
Event: 212.820 Thread 0x000001d633cf2190 DEOPT PACKING pc=0x000001d5ce22ce10 sp=0x000000162d7fa810
Event: 212.820 Thread 0x000001d633cf2190 DEOPT UNPACKING pc=0x000001d5cc977982 sp=0x000000162d7fa820 mode 2
Event: 212.835 Thread 0x000001d633cee680 Uncommon trap: trap_request=0xffffffc6 fr.pc=0x000001d5cde63b48 relative=0x0000000000000cc8
Event: 212.836 Thread 0x000001d633cee680 Uncommon trap: reason=bimorphic_or_optimized_type_check action=maybe_recompile pc=0x000001d5cde63b48 method=com.android.tools.r8.graph.j.b(Lcom/android/tools/r8/graph/E0;Lcom/android/tools/r8/graph/x2;)Lcom/android/tools/r8/graph/H0; @ 77 c2
Event: 212.836 Thread 0x000001d633cee680 DEOPT PACKING pc=0x000001d5cde63b48 sp=0x000000162cbfb030
Event: 212.836 Thread 0x000001d633cee680 DEOPT UNPACKING pc=0x000001d5cc977982 sp=0x000000162cbfaff8 mode 2
Event: 213.472 Thread 0x000001d633cee680 Uncommon trap: trap_request=0xffffff45 fr.pc=0x000001d5ce0afed8 relative=0x0000000000001478
Event: 213.472 Thread 0x000001d633cee680 Uncommon trap: reason=unstable_if action=reinterpret pc=0x000001d5ce0afed8 method=com.android.tools.r8.ir.optimize.t0.b(Lcom/android/tools/r8/internal/aA;Lcom/android/tools/r8/utils/w;)V @ 69 c2
Event: 213.472 Thread 0x000001d633cee680 DEOPT PACKING pc=0x000001d5ce0afed8 sp=0x000000162cbfb0a0
Event: 213.472 Thread 0x000001d633cee680 DEOPT UNPACKING pc=0x000001d5cc977982 sp=0x000000162cbfb000 mode 2
Event: 213.673 Thread 0x000001d6360dc470 DEOPT PACKING pc=0x000001d5be69bded sp=0x000000162dffa6d0
Event: 213.673 Thread 0x000001d6360dc470 DEOPT UNPACKING pc=0x000001d5cc9784c2 sp=0x000000162dff9fa0 mode 0
Event: 213.771 Thread 0x000001d6360dc470 DEOPT PACKING pc=0x000001d5be69bded sp=0x000000162dffa6d0
Event: 213.771 Thread 0x000001d6360dc470 DEOPT UNPACKING pc=0x000001d5cc9784c2 sp=0x000000162dff9fa0 mode 0
Event: 214.198 Thread 0x000001d633cf2190 DEOPT PACKING pc=0x000001d5be69bded sp=0x000000162d7fa790
Event: 214.198 Thread 0x000001d633cf2190 DEOPT UNPACKING pc=0x000001d5cc9784c2 sp=0x000000162d7fa060 mode 0
Event: 214.370 Thread 0x000001d633cf1b00 DEOPT PACKING pc=0x000001d5be69bded sp=0x000000162d1fac00
Event: 214.370 Thread 0x000001d633cf1b00 DEOPT UNPACKING pc=0x000001d5cc9784c2 sp=0x000000162d1fa4d0 mode 0

Classes loaded (20 events):
Event: 105.411 Loading class java/util/stream/SliceOps
Event: 105.421 Loading class java/util/stream/SliceOps done
Event: 105.422 Loading class java/util/stream/SliceOps$1
Event: 105.427 Loading class java/util/stream/SliceOps$1 done
Event: 105.445 Loading class java/util/stream/SliceOps$1$1
Event: 105.445 Loading class java/util/stream/SliceOps$1$1 done
Event: 105.488 Loading class java/util/PriorityQueue
Event: 105.494 Loading class java/util/PriorityQueue done
Event: 105.531 Loading class java/util/IdentityHashMap$ValueIterator
Event: 105.532 Loading class java/util/IdentityHashMap$ValueIterator done
Event: 115.932 Loading class java/nio/ShortBuffer
Event: 115.933 Loading class java/nio/ShortBuffer done
Event: 116.225 Loading class java/nio/ByteBufferAsShortBufferL
Event: 116.227 Loading class java/nio/ByteBufferAsShortBufferL done
Event: 116.600 Loading class java/util/zip/Adler32
Event: 116.601 Loading class java/util/zip/Adler32 done
Event: 116.619 Loading class java/nio/file/Files$2
Event: 116.619 Loading class java/nio/file/Files$2 done
Event: 206.986 Loading class sun/rmi/transport/DGCClient$EndpointEntry$CleanRequest
Event: 207.434 Loading class sun/rmi/transport/DGCClient$EndpointEntry$CleanRequest done

Classes unloaded (10 events):
Event: 113.468 Thread 0x000001d5e73f53b0 Unloading class 0x000001d5ec329000 'java/lang/invoke/LambdaForm$DMH+0x000001d5ec329000'
Event: 113.469 Thread 0x000001d5e73f53b0 Unloading class 0x000001d5ec328800 'java/lang/invoke/LambdaForm$DMH+0x000001d5ec328800'
Event: 118.456 Thread 0x000001d5e73f53b0 Unloading class 0x000001d5ec421000 'java/lang/invoke/LambdaForm$MH+0x000001d5ec421000'
Event: 118.456 Thread 0x000001d5e73f53b0 Unloading class 0x000001d5ec3c9400 'java/lang/invoke/LambdaForm$DMH+0x000001d5ec3c9400'
Event: 118.456 Thread 0x000001d5e73f53b0 Unloading class 0x000001d5ec3c9000 'java/lang/invoke/LambdaForm$DMH+0x000001d5ec3c9000'
Event: 118.456 Thread 0x000001d5e73f53b0 Unloading class 0x000001d5ec3c8c00 'java/lang/invoke/LambdaForm$DMH+0x000001d5ec3c8c00'
Event: 118.456 Thread 0x000001d5e73f53b0 Unloading class 0x000001d5ec3c8800 'java/lang/invoke/LambdaForm$DMH+0x000001d5ec3c8800'
Event: 118.456 Thread 0x000001d5e73f53b0 Unloading class 0x000001d5ec3c8000 'java/lang/invoke/LambdaForm$DMH+0x000001d5ec3c8000'
Event: 118.456 Thread 0x000001d5e73f53b0 Unloading class 0x000001d5ec394800 'java/lang/invoke/LambdaForm$DMH+0x000001d5ec394800'
Event: 118.456 Thread 0x000001d5e73f53b0 Unloading class 0x000001d5ec394000 'java/lang/invoke/LambdaForm$DMH+0x000001d5ec394000'

Classes redefined (0 events):
No events

Internal exceptions (20 events):
Event: 196.603 Thread 0x000001d633cf2190 Exception <a 'sun/nio/fs/WindowsException'{0x000000063f59de08}> (0x000000063f59de08) 
thrown [s\open\src\hotspot\share\prims\jni.cpp, line 520]
Event: 196.719 Thread 0x000001d6360dc470 Exception <a 'sun/nio/fs/WindowsException'{0x000000063f297970}> (0x000000063f297970) 
thrown [s\open\src\hotspot\share\prims\jni.cpp, line 520]
Event: 196.925 Thread 0x000001d6311f8cf0 Exception <a 'sun/nio/fs/WindowsException'{0x000000063ced7ff8}> (0x000000063ced7ff8) 
thrown [s\open\src\hotspot\share\prims\jni.cpp, line 520]
Event: 196.954 Thread 0x000001d633cedff0 Exception <a 'sun/nio/fs/WindowsException'{0x000000063d185b90}> (0x000000063d185b90) 
thrown [s\open\src\hotspot\share\prims\jni.cpp, line 520]
Event: 197.004 Thread 0x000001d633cf1b00 Exception <a 'sun/nio/fs/WindowsException'{0x000000063bb0d898}> (0x000000063bb0d898) 
thrown [s\open\src\hotspot\share\prims\jni.cpp, line 520]
Event: 197.610 Thread 0x000001d633cee680 Exception <a 'sun/nio/fs/WindowsException'{0x00000006384c0ba8}> (0x00000006384c0ba8) 
thrown [s\open\src\hotspot\share\prims\jni.cpp, line 520]
Event: 197.715 Thread 0x000001d633cf2190 Exception <a 'sun/nio/fs/WindowsException'{0x0000000638b6c2d0}> (0x0000000638b6c2d0) 
thrown [s\open\src\hotspot\share\prims\jni.cpp, line 520]
Event: 197.767 Thread 0x000001d6360dc470 Exception <a 'sun/nio/fs/WindowsException'{0x00000006373eca88}> (0x00000006373eca88) 
thrown [s\open\src\hotspot\share\prims\jni.cpp, line 520]
Event: 198.240 Thread 0x000001d633cf1b00 Exception <a 'sun/nio/fs/WindowsException'{0x00000006343f43e0}> (0x00000006343f43e0) 
thrown [s\open\src\hotspot\share\prims\jni.cpp, line 520]
Event: 198.313 Thread 0x000001d633cedff0 Exception <a 'sun/nio/fs/WindowsException'{0x0000000634158b00}> (0x0000000634158b00) 
thrown [s\open\src\hotspot\share\prims\jni.cpp, line 520]
Event: 198.573 Thread 0x000001d6311f8cf0 Exception <a 'sun/nio/fs/WindowsException'{0x000000062f4a4e48}> (0x000000062f4a4e48) 
thrown [s\open\src\hotspot\share\prims\jni.cpp, line 520]
Event: 199.266 Thread 0x000001d633cee680 Exception <a 'sun/nio/fs/WindowsException'{0x00000006287e3168}> (0x00000006287e3168) 
thrown [s\open\src\hotspot\share\prims\jni.cpp, line 520]
Event: 200.158 Thread 0x000001d633cedff0 Exception <a 'sun/nio/fs/WindowsException'{0x0000000620a1ffe8}> (0x0000000620a1ffe8) 
thrown [s\open\src\hotspot\share\prims\jni.cpp, line 520]
Event: 201.076 Thread 0x000001d6311f8cf0 Exception <a 'sun/nio/fs/WindowsException'{0x000000061db4f5e8}> (0x000000061db4f5e8) 
thrown [s\open\src\hotspot\share\prims\jni.cpp, line 520]
Event: 202.937 Thread 0x000001d6311f8cf0 Exception <a 'sun/nio/fs/WindowsException'{0x00000006380cd8f8}> (0x00000006380cd8f8) 
thrown [s\open\src\hotspot\share\prims\jni.cpp, line 520]
Event: 207.728 Thread 0x000001d63cac5a40 Implicit null exception at 0x000001d5cd16805b to 0x000001d5cd168130
Event: 207.967 Thread 0x000001d633cedff0 Exception <a 'sun/nio/fs/WindowsException'{0x0000000636126bd0}> (0x0000000636126bd0) 
thrown [s\open\src\hotspot\share\prims\jni.cpp, line 520]
Event: 208.335 Thread 0x000001d633cf1b00 Exception <a 'sun/nio/fs/WindowsException'{0x000000062d77f2c8}> (0x000000062d77f2c8) 
thrown [s\open\src\hotspot\share\prims\jni.cpp, line 520]
Event: 210.760 Thread 0x000001d633cedff0 Exception <a 'sun/nio/fs/WindowsException'{0x00000006720a2310}> (0x00000006720a2310) 
thrown [s\open\src\hotspot\share\prims\jni.cpp, line 520]
Event: 213.684 Thread 0x000001d633ced2d0 Exception <a 'sun/nio/fs/WindowsException'{0x00000006659bf3f8}> (0x00000006659bf3f8) 
thrown [s\open\src\hotspot\share\prims\jni.cpp, line 520]

VM Operations (20 events):
Event: 201.486 Executing VM operation: G1CollectForAllocation (G1 Evacuation Pause) done
Event: 203.336 Executing VM operation: G1CollectForAllocation (G1 Evacuation Pause)
Event: 203.594 Executing VM operation: G1CollectForAllocation (G1 Evacuation Pause) done
Event: 205.713 Executing VM operation: G1CollectForAllocation (G1 Evacuation Pause)
Event: 205.889 Executing VM operation: G1CollectForAllocation (G1 Evacuation Pause) done
Event: 206.326 Executing VM operation: G1PauseRemark
Event: 206.865 Executing VM operation: G1PauseRemark done
Event: 207.592 Executing VM operation: G1PauseCleanup
Event: 207.597 Executing VM operation: G1PauseCleanup done
Event: 209.497 Executing VM operation: G1CollectForAllocation (G1 Evacuation Pause)
Event: 209.658 Executing VM operation: G1CollectForAllocation (G1 Evacuation Pause) done
Event: 209.669 Executing VM operation: G1CollectForAllocation (G1 Evacuation Pause)
Event: 209.818 Executing VM operation: G1CollectForAllocation (G1 Evacuation Pause) done
Event: 210.323 Executing VM operation: G1CollectForAllocation (G1 Evacuation Pause)
Event: 210.436 Executing VM operation: G1CollectForAllocation (G1 Evacuation Pause) done
Event: 210.613 Executing VM operation: G1CollectForAllocation (G1 Evacuation Pause)
Event: 210.676 Executing VM operation: G1CollectForAllocation (G1 Evacuation Pause) done
Event: 210.845 Executing VM operation: G1CollectForAllocation (G1 Evacuation Pause)
Event: 210.942 Executing VM operation: G1CollectForAllocation (G1 Evacuation Pause) done
Event: 214.636 Executing VM operation: G1CollectForAllocation (G1 Evacuation Pause)

Memory protections (0 events):
No events

Nmethod flushes (20 events):
Event: 206.849 Thread 0x000001d5e73f53b0 flushing  nmethod 0x000001d5bdf6b308
Event: 206.850 Thread 0x000001d5e73f53b0 flushing  nmethod 0x000001d5bdf6c488
Event: 206.850 Thread 0x000001d5e73f53b0 flushing  nmethod 0x000001d5bdfb1a08
Event: 206.850 Thread 0x000001d5e73f53b0 flushing  nmethod 0x000001d5be394888
Event: 206.850 Thread 0x000001d5e73f53b0 flushing  nmethod 0x000001d5be556808
Event: 206.850 Thread 0x000001d5e73f53b0 flushing  nmethod 0x000001d5be55ab88
Event: 206.850 Thread 0x000001d5e73f53b0 flushing  nmethod 0x000001d5be77b688
Event: 206.850 Thread 0x000001d5e73f53b0 flushing  nmethod 0x000001d5be77ba88
Event: 206.850 Thread 0x000001d5e73f53b0 flushing  nmethod 0x000001d5be77c008
Event: 206.850 Thread 0x000001d5e73f53b0 flushing  nmethod 0x000001d5be7e0b88
Event: 206.850 Thread 0x000001d5e73f53b0 flushing  nmethod 0x000001d5be818c08
Event: 206.851 Thread 0x000001d5e73f53b0 flushing  nmethod 0x000001d5be819708
Event: 206.851 Thread 0x000001d5e73f53b0 flushing  nmethod 0x000001d5be819a08
Event: 206.851 Thread 0x000001d5e73f53b0 flushing  nmethod 0x000001d5be868188
Event: 206.851 Thread 0x000001d5e73f53b0 flushing  nmethod 0x000001d5be88db88
Event: 206.851 Thread 0x000001d5e73f53b0 flushing  nmethod 0x000001d5be8a6088
Event: 206.854 Thread 0x000001d5e73f53b0 flushing  nmethod 0x000001d5be91fe08
Event: 206.855 Thread 0x000001d5e73f53b0 flushing  nmethod 0x000001d5bebe9088
Event: 206.855 Thread 0x000001d5e73f53b0 flushing  nmethod 0x000001d5bed61888
Event: 206.855 Thread 0x000001d5e73f53b0 flushing  nmethod 0x000001d5bed6e108

Events (20 events):
Event: 166.821 Thread 0x000001d63d9156e0 Thread exited: 0x000001d63d9156e0
Event: 169.622 Thread 0x000001d5e742d800 Thread added: 0x000001d63d919430
Event: 170.671 Thread 0x000001d63d919430 Thread exited: 0x000001d63d919430
Event: 170.839 Thread 0x000001d5e742d800 Thread added: 0x000001d63d917220
Event: 171.077 Thread 0x000001d63d917220 Thread exited: 0x000001d63d917220
Event: 171.453 Thread 0x000001d5e742d800 Thread added: 0x000001d63d912e00
Event: 173.376 Thread 0x000001d63d912e00 Thread exited: 0x000001d63d912e00
Event: 173.910 Thread 0x000001d5e742d800 Thread added: 0x000001d63d912e00
Event: 175.963 Thread 0x000001d63cac6df0 Thread exited: 0x000001d63cac6df0
Event: 177.545 Thread 0x000001d63d912e00 Thread exited: 0x000001d63d912e00
Event: 178.192 Thread 0x000001d63cac9550 Thread added: 0x000001d63edad4a0
Event: 178.250 Thread 0x000001d5e742d800 Thread added: 0x000001d63e66f520
Event: 179.328 Thread 0x000001d63e66f520 Thread exited: 0x000001d63e66f520
Event: 185.086 Thread 0x000001d5e742d800 Thread added: 0x000001d63e668820
Event: 187.108 Thread 0x000001d63e668820 Thread exited: 0x000001d63e668820
Event: 191.647 Thread 0x000001d5e742d800 Thread added: 0x000001d63e668820
Event: 192.269 Thread 0x000001d63e668820 Thread exited: 0x000001d63e668820
Event: 201.930 Thread 0x000001d5e742d800 Thread added: 0x000001d63b3a0ed0
Event: 202.786 Thread 0x000001d63b3a0ed0 Thread exited: 0x000001d63b3a0ed0
Event: 210.463 Thread 0x000001d63cac5a40 Thread exited: 0x000001d63cac5a40


Dynamic libraries:
0x00007ff725720000 - 0x00007ff725730000 	C:\Program Files\Java\jdk-23\bin\java.exe
0x00007ffcb0710000 - 0x00007ffcb0927000 	C:\WINDOWS\SYSTEM32\ntdll.dll
0x00007ffcaf830000 - 0x00007ffcaf8f4000 	C:\WINDOWS\System32\KERNEL32.DLL
0x00007ffcadfc0000 - 0x00007ffcae392000 	C:\WINDOWS\System32\KERNELBASE.dll
0x00007ffcadc20000 - 0x00007ffcadd31000 	C:\WINDOWS\System32\ucrtbase.dll
0x00007ffc6e160000 - 0x00007ffc6e177000 	C:\Program Files\Java\jdk-23\bin\jli.dll
0x00007ffc73450000 - 0x00007ffc7346b000 	C:\Program Files\Java\jdk-23\bin\VCRUNTIME140.dll
0x00007ffcaff40000 - 0x00007ffcb00f1000 	C:\WINDOWS\System32\USER32.dll
0x00007ffcade60000 - 0x00007ffcade86000 	C:\WINDOWS\System32\win32u.dll
0x00007ffcaf380000 - 0x00007ffcaf3a9000 	C:\WINDOWS\System32\GDI32.dll
0x00007ffcade90000 - 0x00007ffcadfb3000 	C:\WINDOWS\System32\gdi32full.dll
0x00007ffcaddc0000 - 0x00007ffcade5a000 	C:\WINDOWS\System32\msvcp_win.dll
0x00007ffc8ed80000 - 0x00007ffc8f01b000 	C:\WINDOWS\WinSxS\amd64_microsoft.windows.common-controls_6595b64144ccf1df_6.0.22621.5415_none_270d77d17387d7da\COMCTL32.dll
0x00007ffcae3d0000 - 0x00007ffcae477000 	C:\WINDOWS\System32\msvcrt.dll
0x00007ffcb0290000 - 0x00007ffcb02c1000 	C:\WINDOWS\System32\IMM32.DLL
0x00007ffc86470000 - 0x00007ffc8647c000 	C:\Program Files\Java\jdk-23\bin\vcruntime140_1.dll
0x00007ffc274a0000 - 0x00007ffc2752e000 	C:\Program Files\Java\jdk-23\bin\msvcp140.dll
0x00007ffc01180000 - 0x00007ffc01ecf000 	C:\Program Files\Java\jdk-23\bin\server\jvm.dll
0x00007ffcaf160000 - 0x00007ffcaf211000 	C:\WINDOWS\System32\ADVAPI32.dll
0x00007ffcaf900000 - 0x00007ffcaf9a8000 	C:\WINDOWS\System32\sechost.dll
0x00007ffcad940000 - 0x00007ffcad968000 	C:\WINDOWS\System32\bcrypt.dll
0x00007ffcb0170000 - 0x00007ffcb0284000 	C:\WINDOWS\System32\RPCRT4.dll
0x00007ffcb02d0000 - 0x00007ffcb0341000 	C:\WINDOWS\System32\WS2_32.dll
0x00007ffcad0c0000 - 0x00007ffcad10d000 	C:\WINDOWS\SYSTEM32\POWRPROF.dll
0x00007ffca05b0000 - 0x00007ffca05e4000 	C:\WINDOWS\SYSTEM32\WINMM.dll
0x00007ffca4100000 - 0x00007ffca410a000 	C:\WINDOWS\SYSTEM32\VERSION.dll
0x00007ffcad0a0000 - 0x00007ffcad0b3000 	C:\WINDOWS\SYSTEM32\UMPDC.dll
0x00007ffcac7f0000 - 0x00007ffcac808000 	C:\WINDOWS\SYSTEM32\kernel.appcore.dll
0x00007ffc856c0000 - 0x00007ffc856ca000 	C:\Program Files\Java\jdk-23\bin\jimage.dll
0x00007ffcab040000 - 0x00007ffcab273000 	C:\WINDOWS\SYSTEM32\DBGHELP.DLL
0x00007ffcafb90000 - 0x00007ffcaff23000 	C:\WINDOWS\System32\combase.dll
0x00007ffcaeee0000 - 0x00007ffcaefb7000 	C:\WINDOWS\System32\OLEAUT32.dll
0x00007ffc89390000 - 0x00007ffc893c2000 	C:\WINDOWS\SYSTEM32\dbgcore.DLL
0x00007ffcadba0000 - 0x00007ffcadc1b000 	C:\WINDOWS\System32\bcryptPrimitives.dll
0x00007ffc724d0000 - 0x00007ffc724df000 	C:\Program Files\Java\jdk-23\bin\instrument.dll
0x00007ffc6d4f0000 - 0x00007ffc6d50e000 	C:\Program Files\Java\jdk-23\bin\java.dll
0x00007ffcaefc0000 - 0x00007ffcaf160000 	C:\WINDOWS\System32\ole32.dll
0x00007ffcae5c0000 - 0x00007ffcaee62000 	C:\WINDOWS\System32\SHELL32.dll
0x00007ffcad800000 - 0x00007ffcad93f000 	C:\WINDOWS\System32\wintypes.dll
0x00007ffcab6e0000 - 0x00007ffcabffe000 	C:\WINDOWS\SYSTEM32\windows.storage.dll
0x00007ffcb04b0000 - 0x00007ffcb05bb000 	C:\WINDOWS\System32\SHCORE.dll
0x00007ffcb0100000 - 0x00007ffcb0169000 	C:\WINDOWS\System32\shlwapi.dll
0x00007ffcad730000 - 0x00007ffcad75b000 	C:\WINDOWS\SYSTEM32\profapi.dll
0x00007ffc07c90000 - 0x00007ffc07d67000 	C:\Program Files\Java\jdk-23\bin\jsvml.dll
0x00007ffc6c170000 - 0x00007ffc6c187000 	C:\Program Files\Java\jdk-23\bin\zip.dll
0x00007ffc796a0000 - 0x00007ffc796b0000 	C:\Program Files\Java\jdk-23\bin\net.dll
0x00007ffcacc60000 - 0x00007ffcaccc9000 	C:\WINDOWS\system32\mswsock.dll
0x00007ffc6d180000 - 0x00007ffc6d196000 	C:\Program Files\Java\jdk-23\bin\nio.dll
0x00007ffc770c0000 - 0x00007ffc770d0000 	C:\Program Files\Java\jdk-23\bin\verify.dll
0x00007ffc69580000 - 0x00007ffc695a7000 	C:\Users\User\.gradle\native\c067742578af261105cb4f569cf0c3c89f3d7b1fecec35dd04571415982c5e48\windows-amd64\native-platform.dll
0x00007ffc60070000 - 0x00007ffc601b4000 	C:\Users\User\.gradle\native\100fb08df4bc3b14c8652ba06237920a3bd2aa13389f12d3474272988ae205f9\windows-amd64\native-platform-file-events.dll
0x00007ffc733c0000 - 0x00007ffc733ca000 	C:\Program Files\Java\jdk-23\bin\management.dll
0x00007ffc73280000 - 0x00007ffc7328b000 	C:\Program Files\Java\jdk-23\bin\management_ext.dll
0x00007ffcaf9b0000 - 0x00007ffcaf9b8000 	C:\WINDOWS\System32\PSAPI.DLL
0x00007ffcacf00000 - 0x00007ffcacf1b000 	C:\WINDOWS\SYSTEM32\CRYPTSP.dll
0x00007ffcac750000 - 0x00007ffcac787000 	C:\WINDOWS\system32\rsaenh.dll
0x00007ffcacd00000 - 0x00007ffcacd28000 	C:\WINDOWS\SYSTEM32\USERENV.dll
0x00007ffcace60000 - 0x00007ffcace6c000 	C:\WINDOWS\SYSTEM32\CRYPTBASE.dll
0x00007ffcac260000 - 0x00007ffcac28d000 	C:\WINDOWS\SYSTEM32\IPHLPAPI.DLL
0x00007ffcb03d0000 - 0x00007ffcb03d9000 	C:\WINDOWS\System32\NSI.dll
0x00007ffc73160000 - 0x00007ffc73169000 	C:\Program Files\Java\jdk-23\bin\extnet.dll
0x00007ffc8b380000 - 0x00007ffc8b38e000 	C:\Program Files\Java\jdk-23\bin\sunmscapi.dll
0x00007ffcad970000 - 0x00007ffcadad7000 	C:\WINDOWS\System32\CRYPT32.dll
0x00007ffcad1b0000 - 0x00007ffcad1dd000 	C:\WINDOWS\SYSTEM32\ncrypt.dll
0x00007ffcad170000 - 0x00007ffcad1a7000 	C:\WINDOWS\SYSTEM32\NTASN1.dll
0x00007ffc13f70000 - 0x00007ffc13f78000 	C:\WINDOWS\system32\wshunix.dll
0x00007ffc778d0000 - 0x00007ffc778e7000 	C:\WINDOWS\system32\napinsp.dll
0x00007ffc778b0000 - 0x00007ffc778cb000 	C:\WINDOWS\system32\pnrpnsp.dll
0x00007ffcac290000 - 0x00007ffcac388000 	C:\WINDOWS\SYSTEM32\DNSAPI.dll
0x00007ffc77890000 - 0x00007ffc778a1000 	C:\WINDOWS\System32\winrnr.dll
0x00007ffc6f980000 - 0x00007ffc6f99f000 	C:\WINDOWS\system32\wshbth.dll
0x00007ffc720e0000 - 0x00007ffc72101000 	C:\WINDOWS\system32\nlansp_c.dll
0x00007ffca6ae0000 - 0x00007ffca6aea000 	C:\Windows\System32\rasadhlp.dll
0x00007ffca6bb0000 - 0x00007ffca6c34000 	C:\WINDOWS\System32\fwpuclnt.dll
0x00007ffc861d0000 - 0x00007ffc861ee000 	C:\Users\User\AppData\Local\Temp\native-platform14141478008030591121dir\native-platform.dll
0x00007ffc8a650000 - 0x00007ffc8a657000 	C:\Program Files\Java\jdk-23\bin\rmi.dll

dbghelp: loaded successfully - version: 4.0.5 - missing functions: none
symbol engine: initialized successfully - sym options: 0x614 - pdb path: .;C:\Program Files\Java\jdk-23\bin;C:\WINDOWS\SYSTEM32;C:\WINDOWS\WinSxS\amd64_microsoft.windows.common-controls_6595b64144ccf1df_6.0.22621.5415_none_270d77d17387d7da;C:\Program Files\Java\jdk-23\bin\server;C:\Users\User\.gradle\native\c067742578af261105cb4f569cf0c3c89f3d7b1fecec35dd04571415982c5e48\windows-amd64;C:\Users\User\.gradle\native\100fb08df4bc3b14c8652ba06237920a3bd2aa13389f12d3474272988ae205f9\windows-amd64;C:\Users\User\AppData\Local\Temp\native-platform14141478008030591121dir

VM Arguments:
jvm_args: -XX:MaxMetaspaceSize=4G -XX:ReservedCodeCacheSize=512m -XX:+HeapDumpOnOutOfMemoryError --add-opens=java.base/java.util=ALL-UNNAMED --add-opens=java.base/java.lang=ALL-UNNAMED --add-opens=java.base/java.lang.invoke=ALL-UNNAMED --add-opens=java.prefs/java.util.prefs=ALL-UNNAMED --add-exports=jdk.compiler/com.sun.tools.javac.api=ALL-UNNAMED --add-exports=jdk.compiler/com.sun.tools.javac.util=ALL-UNNAMED --add-opens=java.base/java.nio.charset=ALL-UNNAMED --add-opens=java.base/java.net=ALL-UNNAMED --add-opens=java.base/java.util.concurrent.atomic=ALL-UNNAMED -Xmx8G -Dfile.encoding=UTF-8 -Duser.country=MY -Duser.language=en -Duser.variant -javaagent:C:\Users\User\.gradle\wrapper\dists\gradle-8.10.2-all\7iv73wktx1xtkvlq19urqw1wm\gradle-8.10.2\lib\agents\gradle-instrumentation-agent-8.10.2.jar 
java_command: org.gradle.launcher.daemon.bootstrap.GradleDaemon 8.10.2
java_class_path (initial): C:\Users\User\.gradle\wrapper\dists\gradle-8.10.2-all\7iv73wktx1xtkvlq19urqw1wm\gradle-8.10.2\lib\gradle-daemon-main-8.10.2.jar
Launcher Type: SUN_STANDARD

[Global flags]
     intx CICompilerCount                          = 4                                         {product} {ergonomic}
     uint ConcGCThreads                            = 2                                         {product} {ergonomic}
     uint G1ConcRefinementThreads                  = 8                                         {product} {ergonomic}
   size_t G1HeapRegionSize                         = 4194304                                   {product} {ergonomic}
     bool HeapDumpOnOutOfMemoryError               = true                                   {manageable} {command line}
   size_t InitialHeapSize                          = 130023424                                 {product} {ergonomic}
   size_t MarkStackSize                            = 4194304                                   {product} {ergonomic}
   size_t MarkStackSizeMax                         = 536870912                                 {product} {ergonomic}
   size_t MaxHeapSize                              = 8589934592                                {product} {command line}
   size_t MaxMetaspaceSize                         = 4294967296                                {product} {command line}
   size_t MaxNewSize                               = 5150605312                                {product} {ergonomic}
   size_t MinHeapDeltaBytes                        = 4194304                                   {product} {ergonomic}
   size_t MinHeapSize                              = 8388608                                   {product} {ergonomic}
    uintx NonNMethodCodeHeapSize                   = 5832704                                {pd product} {ergonomic}
    uintx NonProfiledCodeHeapSize                  = 265551872                              {pd product} {ergonomic}
    uintx ProfiledCodeHeapSize                     = 265486336                              {pd product} {ergonomic}
    uintx ReservedCodeCacheSize                    = 536870912                              {pd product} {command line, ergonomic}
     bool SegmentedCodeCache                       = true                                      {product} {ergonomic}
   size_t SoftMaxHeapSize                          = 8589934592                             {manageable} {ergonomic}
     bool UseCompressedOops                        = true                           {product lp64_product} {ergonomic}
     bool UseG1GC                                  = true                                      {product} {ergonomic}
     bool UseLargePagesIndividualAllocation        = false                                  {pd product} {ergonomic}

Logging:
Log output configuration:
 #0: stdout all=warning uptime,level,tags foldmultilines=false
 #1: stderr all=off uptime,level,tags foldmultilines=false

Environment Variables:
JAVA_HOME=C:\Program Files\Java\jdk-23
CLASSPATH=C:\projectpsm\uthmshareride\android\\gradle\wrapper\gradle-wrapper.jar
PATH=C:\Program Files\Java\jdk-23\bin;C:\Users\User\AppData\Local\cloud-code\installer\google-cloud-sdk\bin;C:\Program Files (x86)\VMware\VMware Workstation\bin\;C:\Program Files\Common Files\Oracle\Java\javapath;C:\windows\system32;C:\windows;C:\windows\System32\Wbem;C:\windows\System32\WindowsPowerShell\v1.0\;C:\windows\System32\OpenSSH\;C:\Program Files (x86)\NVIDIA Corporation\PhysX\Common;C:\WINDOWS\system32;C:\WINDOWS;C:\WINDOWS\System32\Wbem;C:\WINDOWS\System32\WindowsPowerShell\v1.0\;C:\WINDOWS\System32\OpenSSH\;C:\msys64\mingw64\bin;C:\xampp\php;C:\Program Files\NVIDIA Corporation\NVIDIA NvDLISR;C:\Program Files\Fortect;C:\Program Files\dotnet\;C:\Program Files\Git\cmd;C:\Users\User\AppData\Local\Pub\Cache\bin;C:\Gradle\gradle-8.1.1\bin;C:\Program Files\Java\jdk-19\bin;C:\Program Files\MySQL\MySQL Server 8.0\bin;C:\Program Files\nodejs\;C:\Program Files\HP\HP One Agent;C:\Program Files\Java\jdk-23\bin;C:\Program Files\Java\jdk-17\bin;C:\Program Files\Java\jdk-17;C:\Users\User\AppData\Local\Microsoft\WindowsApps;C:\Users\User\AppData\Local\Programs\Microsoft VS Code\bin;C:\Users\User\.dotnet\tools;C:\Users\User\Downloads\flutter_windows_3.10.2-stable\flutter\bin;C:\src\flutter\bin;C:\Users\User\AppData\Roaming\npm;C:\Users\User\AppData\Local\Programs\MiKTeX\miktex\bin\x64\;firebase-tools-instant-win;;C:\Users\User\AppData\Local\Google\Cloud SDK\google-cloud-sdk\bin;C:\Program Files (x86)\Google\Cloud SDK\google-cloud-sdk\bin;C:\Program Files\Google\Cloud SDK\google-cloud-sdk\bin
USERNAME=User
OS=Windows_NT
PROCESSOR_IDENTIFIER=Intel64 Family 6 Model 140 Stepping 1, GenuineIntel
TMP=C:\Users\User\AppData\Local\Temp
TEMP=C:\Users\User\AppData\Local\Temp




Periodic native trim disabled

---------------  S Y S T E M  ---------------

OS:
 Windows 11 , 64 bit Build 22621 (10.0.22621.5415)
OS uptime: 0 days 6:47 hours
Hyper-V role detected

CPU: total 8 (initial active 8) (4 cores per cpu, 2 threads per core) family 6 model 140 stepping 1 microcode 0xac, cx8, cmov, fxsr, ht, mmx, 3dnowpref, sse, sse2, sse3, ssse3, sse4.1, sse4.2, popcnt, lzcnt, tsc, tscinvbit, avx, avx2, aes, erms, clmul, bmi1, bmi2, adx, avx512f, avx512dq, avx512cd, avx512bw, avx512vl, sha, fma, vzeroupper, avx512_vpopcntdq, avx512_vpclmulqdq, avx512_vaes, avx512_vnni, clflush, clflushopt, clwb, avx512_vbmi2, avx512_vbmi, hv, rdtscp, rdpid, fsrm, gfni, avx512_bitalg, f16c, cet_ibt, cet_ss, avx512_ifma
Processor Information for the first 8 processors :
  Max Mhz: 2419, Current Mhz: 2419, Mhz Limit: 2419

Memory: 4k page, system-wide physical 7932M (250M free)
TotalPageFile size 32508M (AvailPageFile size 204M)
current process WorkingSet (physical memory assigned to process): 627M, peak: 1182M
current process commit charge ("private bytes"): 2501M, peak: 5029M

vm_info: Java HotSpot(TM) 64-Bit Server VM (23+37-2369) for windows-amd64 JRE (23+37-2369), built on 2024-08-20T16:01:23Z with MS VC++ 17.6 (VS2022)

END.
